id,timestamp,length,recieved,started,completed
R0:36389.136890,0.033434,36389.136947,36389.136954,36389.170389
R1:36389.267903,0.106778,36389.267941,36389.267947,36389.374726
R2:36389.377095,0.014672,36389.377130,36389.377136,36389.391809
R3:36389.550431,0.097467,36389.602912,36389.550476,36389.647944
R4:36389.579617,0.053825,36389.681713,36389.647974,36389.701799
R5:36389.602878,0.066080,36389.681713,36389.701822,36389.767903
R6:36389.649247,0.048021,36389.681713,36389.767922,36389.815944
R7:36389.681680,0.165284,36389.971440,36389.815959,36389.981244
R8:36389.898935,0.084224,36390.016244,36389.981264,36390.065488
R9:36389.971405,0.062258,36390.016244,36390.065508,36390.127767
R10:36389.982341,0.018549,36390.016244,36390.127793,36390.146343
R11:36389.983534,0.108703,36390.016244,36390.146358,36390.255062
R12:36389.994091,0.034160,36390.016244,36390.255080,36390.289241
R13:36390.006278,0.007680,36390.016244,36390.289257,36390.296938
R14:36390.016224,0.016415,36390.016244,36390.296950,36390.313366
R15:36390.504451,0.121803,36390.623653,36390.504502,36390.626307
R16:36390.555857,0.023401,36390.623653,36390.626331,36390.649733
R17:36390.623618,0.049529,36390.696154,36390.649748,36390.699278
R18:36390.696127,0.240241,36390.883356,36390.699292,36390.939535
R19:36390.744751,0.098373,36391.006347,36390.939574,36391.037948
R20:36390.769511,0.097953,36391.074962,36391.037978,36391.135933
R21:36390.822973,0.148085,36391.281346,36391.135983,36391.284069
R22:36390.859505,0.028971,36391.300818,36391.284104,36391.313076
R23:36390.883319,0.167576,36391.466936,36391.313111,36391.480688
R24:36391.001118,0.198824,36391.669420,36391.480731,36391.679556
R25:36391.006313,0.005999,36391.669420,36391.679594,36391.685594
R26:36391.059653,0.072556,36391.669420,36391.685613,36391.758170
R27:36391.074924,0.028605,36391.669420,36391.758218,36391.786824
R28:36391.232769,0.001348,36391.669420,36391.786859,36391.788208
R29:36391.237554,0.004345,36391.669420,36391.788224,36391.792570
R30:36391.281286,0.235195,36391.957201,36391.792583,36392.027779
R31:36391.300763,0.126885,36392.081852,36392.027846,36392.154732
R32:36391.466871,0.051734,36392.081852,36392.154801,36392.206536
R33:36391.489064,0.095210,36392.257556,36392.206570,36392.301782
R34:36391.522680,0.073453,36392.257556,36392.301831,36392.375285
R35:36391.574026,0.002672,36392.257556,36392.375324,36392.377997
R36:36391.628228,0.179055,36392.481464,36392.378013,36392.557069
R37:36391.669381,0.085092,36392.635824,36392.557115,36392.642209
R38:36391.860192,0.089430,36392.718215,36392.642322,36392.731754
R39:36391.884135,0.029135,36392.718215,36392.731810,36392.760946
R40:36391.957133,0.012099,36392.765294,36392.761027,36392.773127
R41:36392.040346,0.141393,36392.765294,36392.773166,36392.914560
R42:36392.081806,0.026732,36392.765294,36392.914637,36392.941370
R43:36392.208079,0.149228,36393.064387,36392.941549,36393.090778
R44:36392.226679,0.077367,36393.133476,36393.090845,36393.168213
R45:36392.257507,0.059219,36393.133476,36393.168266,36393.227486
R46:36392.481418,0.130447,36393.300807,36393.227513,36393.357961
R47:36392.557943,0.171775,36393.428849,36393.357983,36393.529759
R48:36392.599333,0.112409,36393.428849,36393.529782,36393.642193
R49:36392.635679,0.161254,36393.727674,36393.642212,36393.803467
R50:36392.718147,0.016208,36393.810079,36393.803488,36393.819697
R51:36392.765249,0.168489,36393.933959,36393.819715,36393.988205
R52:36392.979642,0.141944,36394.054200,36393.988230,36394.130175
R53:36392.991093,0.037703,36394.054200,36394.130201,36394.167905
R54:36393.064317,0.021998,36394.168412,36394.167923,36394.189922
R55:36393.133415,0.024492,36394.168412,36394.189939,36394.214432
R56:36393.243591,0.017088,36394.168412,36394.214448,36394.231537
R57:36393.285935,0.021553,36394.244762,36394.231550,36394.253103
R58:36393.300785,0.035914,36394.244762,36394.253119,36394.289034
R59:36393.358866,0.158203,36394.426550,36394.289051,36394.447256
R60:36393.372158,0.008984,36394.426550,36394.447280,36394.456265
R61:36393.379949,0.095273,36394.491222,36394.456280,36394.551555
R62:36393.428825,0.182229,36394.491222,36394.551574,36394.733803
R63:36393.727645,0.032213,36394.491222,36394.733835,36394.766049
R64:36393.810052,0.030661,36394.491222,36394.766067,36394.796729
R65:36393.909026,0.017620,36394.491222,36394.796755,36394.814377
R66:36393.933926,0.018684,36394.491222,36394.814394,36394.833079
R67:36393.996672,0.087822,36394.491222,36394.833094,36394.920916
R68:36394.008498,0.105154,36394.491222,36394.920935,36395.026090
R69:36394.018088,0.091118,36394.491222,36395.026112,36395.117231
R70:36394.030905,0.199854,36394.491222,36395.117258,36395.317113
R71:36394.036450,0.049149,36395.345168,36395.317138,36395.366288
R72:36394.040318,0.018301,36395.345168,36395.366307,36395.384609
R73:36394.054176,0.087948,36395.345168,36395.384624,36395.472572
R74:36394.168375,0.228240,36395.502817,36395.472639,36395.700880
R75:36394.244735,0.095067,36395.502817,36395.700905,36395.795973
R76:36394.317619,0.009661,36395.502817,36395.795992,36395.805653
R77:36394.324645,0.005431,36395.502817,36395.805668,36395.811100
R78:36394.377116,0.015265,36395.502817,36395.811113,36395.826379
R79:36394.382310,0.114200,36395.939900,36395.826394,36395.940595
R80:36394.426525,0.093925,36395.939900,36395.940613,36396.034539
R81:36394.487378,0.011450,36395.939900,36396.034560,36396.046010
R82:36394.491204,0.015238,36395.939900,36396.046025,36396.061264
R83:36395.345126,0.008938,36395.939900,36396.061280,36396.070218
R84:36395.502784,0.003705,36395.939900,36396.070231,36396.073937
R85:36395.939861,0.005005,36395.939900,36396.073950,36396.078956
R86:36396.085910,0.170990,36396.163373,36396.085949,36396.256940
R87:36396.086225,0.013260,36396.163373,36396.256966,36396.270227
R88:36396.150606,0.033138,36396.163373,36396.270244,36396.303383
R89:36396.163349,0.114207,36396.369630,36396.303399,36396.417606
R90:36396.337803,0.053603,36396.431511,36396.417625,36396.471229
R91:36396.369598,0.040169,36396.431511,36396.471245,36396.511415
R92:36396.431479,0.006997,36396.514594,36396.511430,36396.518429
R93:36396.514551,0.094394,36396.594585,36396.518444,36396.612838
R94:36396.568618,0.323819,36396.885022,36396.612859,36396.936679
R95:36396.594553,0.140038,36397.032608,36396.936703,36397.076742
R96:36396.656018,0.066087,36397.032608,36397.076761,36397.142849
R97:36396.754430,0.091836,36397.032608,36397.142877,36397.234714
R98:36396.757020,0.173020,36397.310055,36397.234734,36397.407755
R99:36396.884984,0.118539,36397.477001,36397.407776,36397.526316
R100:36397.032566,0.090789,36397.568338,36397.526335,36397.617125
R101:36397.310024,0.274014,36397.871208,36397.617144,36397.891159
R102:36397.476961,0.045845,36397.871208,36397.891183,36397.937029
R103:36397.555499,0.118135,36398.009483,36397.937046,36398.055181
R104:36397.568306,0.005341,36398.060549,36398.055203,36398.060545
R105:36397.725304,0.019005,36398.060549,36398.060561,36398.079567
R106:36397.800248,0.017350,36398.084029,36398.079580,36398.096931
R107:36397.871182,0.025404,36398.084029,36398.096947,36398.122352
R108:36397.957345,0.017548,36398.084029,36398.122373,36398.139922
R109:36397.985838,0.066839,36398.174783,36398.139947,36398.206788
R110:36397.991355,0.070204,36398.220344,36398.206807,36398.277012
R111:36398.009450,0.237110,36398.496702,36398.277030,36398.514141
R112:36398.060517,0.052660,36398.526937,36398.514164,36398.566825
R113:36398.084000,0.008015,36398.526937,36398.566846,36398.574862
R114:36398.174754,0.059854,36398.526937,36398.574876,36398.634731
R115:36398.220321,0.039967,36398.654889,36398.634746,36398.674714
R116:36398.426630,0.125453,36398.782293,36398.674733,36398.800187
R117:36398.455932,0.000216,36398.782293,36398.800206,36398.800423
R118:36398.496665,0.060833,36398.782293,36398.800435,36398.861270
R119:36398.526898,0.017762,36398.871240,36398.861304,36398.879067
R120:36398.654861,0.043974,36398.871240,36398.879085,36398.923060
R121:36398.735265,0.024252,36398.940718,36398.923077,36398.947329
R122:36398.782260,0.013438,36398.940718,36398.947343,36398.960782
R123:36398.871211,0.002782,36398.940718,36398.960797,36398.963579
R124:36398.940685,0.079378,36398.978906,36398.963591,36399.042970
R125:36398.978873,0.067674,36399.089438,36399.042988,36399.110664
R126:36399.058935,0.013607,36399.089438,36399.110685,36399.124293
R127:36399.089405,0.065773,36399.156543,36399.124307,36399.190081
R128:36399.156514,0.026537,36399.156543,36399.190104,36399.216642
R129:36399.250248,0.015061,36399.250276,36399.250282,36399.265345
R130:36399.346605,0.076961,36399.346639,36399.346646,36399.423608
R131:36399.527852,0.019828,36399.527888,36399.527895,36399.547724
R132:36399.603499,0.006115,36399.603533,36399.603540,36399.609656
R133:36399.657817,0.139913,36399.770643,36399.657856,36399.797770
R134:36399.679388,0.006562,36399.770643,36399.797792,36399.804355
R135:36399.762170,0.029919,36399.832063,36399.804369,36399.834290
R136:36399.770613,0.059964,36399.832063,36399.834305,36399.894270
R137:36399.832029,0.022718,36399.910529,36399.894287,36399.917006
R138:36399.910493,0.022681,36399.910529,36399.917021,36399.939702
R139:36400.017302,0.014028,36400.017340,36400.017347,36400.031376
R140:36400.045886,0.000239,36400.045918,36400.045924,36400.046164
R141:36400.342910,0.026846,36400.342958,36400.342975,36400.369822
R142:36400.468415,0.038239,36400.483354,36400.468457,36400.506697
R143:36400.483324,0.167496,36400.483354,36400.506721,36400.674218
R144:36400.710863,0.080060,36400.710898,36400.710905,36400.790966
R145:36400.814283,0.077179,36400.858164,36400.814322,36400.891502
R146:36400.823527,0.099229,36400.858164,36400.891522,36400.990751
R147:36400.858129,0.165346,36401.062876,36400.990770,36401.156117
R148:36401.062833,0.015173,36401.062876,36401.156149,36401.171323
R149:36401.204278,0.052944,36401.204307,36401.204313,36401.257259
R150:36401.317033,0.156878,36401.342354,36401.317129,36401.474010
R151:36401.342299,0.138087,36401.576149,36401.474076,36401.612164
R152:36401.514059,0.057233,36401.576149,36401.612206,36401.669440
R153:36401.563363,0.021339,36401.576149,36401.669460,36401.690800
R154:36401.576107,0.045204,36401.718976,36401.690815,36401.736020
R155:36401.718946,0.126006,36401.826670,36401.736034,36401.862041
R156:36401.763465,0.022932,36401.826670,36401.862063,36401.884995
R157:36401.812418,0.076839,36401.919575,36401.885009,36401.961849
R158:36401.826646,0.009982,36401.919575,36401.961868,36401.971851
R159:36401.919540,0.045207,36401.985600,36401.971865,36402.017073
R160:36401.985563,0.085885,36401.985600,36402.017090,36402.102975
R161:36402.115651,0.016732,36402.129804,36402.115720,36402.132455
R162:36402.129696,0.008618,36402.129804,36402.132532,36402.141151
R163:36402.179071,0.029799,36402.189815,36402.179171,36402.208971
R164:36402.189765,0.179114,36402.217918,36402.209042,36402.388158
R165:36402.217851,0.064874,36402.388759,36402.388270,36402.453146
R166:36402.388711,0.113630,36402.518275,36402.453204,36402.566835
R167:36402.518238,0.027195,36402.567235,36402.566855,36402.594050
R168:36402.567212,0.071692,36402.603067,36402.594070,36402.665762
R169:36402.603043,0.019975,36402.681858,36402.665781,36402.685757
R170:36402.670113,0.005021,36402.690022,36402.685771,36402.690793
R171:36402.681839,0.069458,36402.751091,36402.690808,36402.760267
R172:36402.690003,0.022670,36402.751091,36402.760286,36402.782957
R173:36402.722296,0.006372,36402.751091,36402.783001,36402.789373
R174:36402.751063,0.181708,36402.930328,36402.789387,36402.971096
R175:36402.790893,0.020568,36402.978082,36402.971117,36402.991686
R176:36402.853482,0.095637,36402.978082,36402.991703,36403.087341
R177:36402.930292,0.011407,36402.978082,36403.087422,36403.098830
R178:36402.978048,0.065507,36403.131480,36403.098850,36403.164358
R179:36403.131352,0.015533,36403.131480,36403.164458,36403.179992
R180:36403.183552,0.037032,36403.183626,36403.183634,36403.220667
R181:36403.241869,0.033434,36403.241933,36403.241942,36403.275378
R182:36403.368453,0.026303,36403.388535,36403.368514,36403.394818
R183:36403.388506,0.067861,36403.388535,36403.394854,36403.462716
R184:36403.481881,0.027524,36403.481906,36403.481912,36403.509437
R185:36403.781142,0.009751,36403.781182,36403.781209,36403.790961
R186:36403.943914,0.000362,36403.943955,36403.943962,36403.944325
R187:36403.981722,0.099262,36403.981757,36403.981764,36404.081027
R188:36404.090966,0.008119,36404.091007,36404.091014,36404.099134
R189:36404.115828,0.085104,36404.115862,36404.115868,36404.200973
R190:36404.259163,0.039747,36404.262812,36404.259206,36404.298955
R191:36404.262783,0.082046,36404.262812,36404.298980,36404.381027
R192:36404.570127,0.042817,36404.587094,36404.570171,36404.612989
R193:36404.587063,0.006575,36404.587094,36404.613013,36404.619589
R194:36404.730207,0.032181,36404.737743,36404.730248,36404.762430
R195:36404.737714,0.071358,36404.763413,36404.762452,36404.833812
R196:36404.763383,0.009415,36404.763413,36404.833830,36404.843245
R197:36404.881681,0.003660,36404.881717,36404.881724,36404.885385
R198:36404.885477,0.101206,36404.929235,36404.885510,36404.986716
R199:36404.929202,0.038960,36405.022466,36404.986735,36405.025696
R200:36405.013354,0.059381,36405.084219,36405.025712,36405.085094
R201:36405.022438,0.050321,36405.084219,36405.085111,36405.135432
R202:36405.084184,0.029952,36405.148800,36405.135453,36405.165406
R203:36405.148771,0.146382,36405.288216,36405.165425,36405.311808
R204:36405.174705,0.012408,36405.288216,36405.311835,36405.324243
R205:36405.220964,0.049734,36405.357143,36405.324260,36405.373995
R206:36405.288189,0.060455,36405.381368,36405.374014,36405.434469
R207:36405.357117,0.118055,36405.381368,36405.434485,36405.552541
R208:36405.376141,0.006938,36405.381368,36405.552562,36405.559500
R209:36405.381345,0.012394,36405.565212,36405.559514,36405.571909
R210:36405.565177,0.017035,36405.565212,36405.571923,36405.588959
R211:36405.612144,0.022911,36405.612183,36405.612191,36405.635103
R212:36405.737382,0.140401,36405.876047,36405.737423,36405.877825
R213:36405.768964,0.112460,36405.967584,36405.877851,36405.990312
R214:36405.799120,0.002467,36405.967584,36405.990333,36405.992801
R215:36405.876014,0.100416,36406.018010,36405.992815,36406.093232
R216:36405.897293,0.120568,36406.188780,36406.093252,36406.213820
R217:36405.967552,0.016650,36406.188780,36406.213846,36406.230497
R218:36405.993884,0.063193,36406.243160,36406.230515,36406.293708
R219:36406.009661,0.074848,36406.361312,36406.293729,36406.368577
R220:36406.017979,0.084736,36406.440295,36406.368595,36406.453332
R221:36406.126882,0.034187,36406.440295,36406.453349,36406.487537
R222:36406.142868,0.037945,36406.523046,36406.487553,36406.525499
R223:36406.169977,0.032490,36406.523046,36406.525588,36406.558079
R224:36406.188755,0.011206,36406.523046,36406.558100,36406.569307
R225:36406.243135,0.000979,36406.523046,36406.569323,36406.570303
R226:36406.301049,0.032102,36406.523046,36406.570318,36406.602421
R227:36406.335233,0.089144,36406.682721,36406.602440,36406.691584
R228:36406.361280,0.069923,36406.737108,36406.691602,36406.761526
R229:36406.382844,0.168042,36406.890308,36406.761543,36406.929586
R230:36406.440263,0.110640,36407.037391,36406.929609,36407.040250
R231:36406.523013,0.024926,36407.037391,36407.040271,36407.065198
R232:36406.608516,0.000402,36407.037391,36407.065214,36407.065616
R233:36406.682686,0.123821,36407.149594,36407.065630,36407.189452
R234:36406.737083,0.068611,36407.239998,36407.189477,36407.258088
R235:36406.805920,0.034134,36407.239998,36407.258108,36407.292242
R236:36406.858140,0.084595,36407.318639,36407.292263,36407.376859
R237:36406.890274,0.075508,36407.394321,36407.376877,36407.452386
R238:36407.005932,0.002230,36407.394321,36407.452403,36407.454634
R239:36407.017800,0.077165,36407.394321,36407.454649,36407.531815
R240:36407.022505,0.064323,36407.561057,36407.531832,36407.596156
R241:36407.037360,0.055929,36407.561057,36407.596176,36407.652106
R242:36407.123444,0.000382,36407.561057,36407.652124,36407.652507
R243:36407.123540,0.020215,36407.561057,36407.652521,36407.672737
R244:36407.149567,0.129920,36407.687207,36407.672753,36407.802674
R245:36407.225680,0.027838,36407.687207,36407.802693,36407.830532
R246:36407.239974,0.140803,36407.890595,36407.830548,36407.971352
R247:36407.318606,0.025050,36407.890595,36407.971373,36407.996425
R248:36407.394286,0.013741,36407.890595,36407.996439,36408.010181
R249:36407.548797,0.046673,36408.035756,36408.010194,36408.056868
R250:36407.561024,0.075063,36408.131712,36408.056888,36408.131951
R251:36407.687173,0.014140,36408.131712,36408.131969,36408.146109
R252:36407.854704,0.081627,36408.207962,36408.146124,36408.227752
R253:36407.890562,0.052849,36408.256693,36408.227776,36408.280626
R254:36408.035719,0.179693,36408.456649,36408.280647,36408.460341
R255:36408.131672,0.174100,36408.576860,36408.460363,36408.634464
R256:36408.150652,0.180623,36408.653351,36408.634484,36408.815108
R257:36408.207933,0.053615,36408.849549,36408.815129,36408.868745
R258:36408.256668,0.107178,36408.849549,36408.868764,36408.975942
R259:36408.456613,0.060175,36408.997706,36408.975965,36409.036142
R260:36408.576828,0.357345,36409.357575,36409.036157,36409.393504
R261:36408.653318,0.026158,36409.357575,36409.393530,36409.419688
R262:36408.849516,0.059303,36409.357575,36409.419782,36409.479085
R263:36408.997670,0.094953,36409.543007,36409.479105,36409.574059
R264:36409.070223,0.105620,36409.663177,36409.574078,36409.679699
R265:36409.176922,0.061820,36409.724991,36409.679718,36409.741539
R266:36409.198717,0.012178,36409.724991,36409.741557,36409.753736
R267:36409.244158,0.133541,36409.811224,36409.753754,36409.887296
R268:36409.357540,0.072792,36409.947461,36409.887313,36409.960106
R269:36409.504968,0.063113,36409.998478,36409.960126,36410.023240
R270:36409.542974,0.069156,36409.998478,36410.023258,36410.092414
R271:36409.607886,0.010705,36409.998478,36410.092434,36410.103140
R272:36409.663145,0.002235,36409.998478,36410.103154,36410.105389
R273:36409.724958,0.048675,36410.118781,36410.105403,36410.154079
R274:36409.811190,0.048247,36410.191306,36410.154097,36410.202345
R275:36409.938879,0.044865,36410.223976,36410.202370,36410.247235
R276:36409.947432,0.003314,36410.223976,36410.247256,36410.250571
R277:36409.998450,0.032372,36410.223976,36410.250586,36410.282958
R278:36410.118746,0.040114,36410.284910,36410.282975,36410.323090
R279:36410.191277,0.035524,36410.347349,36410.323110,36410.358635
R280:36410.202403,0.034811,36410.347349,36410.358652,36410.393464
R281:36410.222685,0.084295,36410.471191,36410.393480,36410.477775
R282:36410.223958,0.111758,36410.560273,36410.477795,36410.589554
R283:36410.284876,0.039462,36410.560273,36410.589574,36410.629037
R284:36410.347317,0.355456,36410.915107,36410.629052,36410.984509
R285:36410.393679,0.005144,36410.915107,36410.984551,36410.989696
R286:36410.398017,0.060634,36410.915107,36410.989712,36411.050347
R287:36410.471158,0.016546,36410.915107,36411.050367,36411.066914
R288:36410.489161,0.171375,36411.125640,36411.066930,36411.238307
R289:36410.560239,0.041432,36411.125640,36411.238336,36411.279769
R290:36410.655910,0.126736,36411.339397,36411.279787,36411.406523
R291:36410.697163,0.198279,36411.508002,36411.406544,36411.604823
R292:36410.915069,0.097118,36411.616255,36411.604840,36411.701959
R293:36411.078918,0.051298,36411.616255,36411.701978,36411.753277
R294:36411.107928,0.043282,36411.784237,36411.753292,36411.796575
R295:36411.125612,0.041845,36411.784237,36411.796592,36411.838438
R296:36411.339359,0.227978,36412.043837,36411.838459,36412.066438
R297:36411.493446,0.040837,36412.090285,36412.066472,36412.107310
R298:36411.507969,0.096957,36412.183007,36412.107334,36412.204292
R299:36411.616210,0.019856,36412.183007,36412.204318,36412.224176
R300:36411.784198,0.220705,36412.434026,36412.224193,36412.444899
R301:36411.886639,0.034320,36412.434026,36412.444966,36412.479286
R302:36411.915468,0.053896,36412.519007,36412.479303,36412.533200
R303:36411.974256,0.014133,36412.519007,36412.533215,36412.547348
R304:36412.043807,0.029763,36412.519007,36412.547361,36412.577125
R305:36412.090255,0.165545,36412.646018,36412.577139,36412.742686
R306:36412.166056,0.062185,36412.801901,36412.742703,36412.804889
R307:36412.182975,0.007752,36412.801901,36412.804905,36412.812658
R308:36412.326262,0.014793,36412.815488,36412.812670,36412.827464
R309:36412.359689,0.059879,36412.863285,36412.827476,36412.887356
R310:36412.433989,0.060479,36412.936082,36412.887371,36412.947851
R311:36412.514629,0.054864,36412.948154,36412.947865,36413.002730
R312:36412.518978,0.018527,36412.948154,36413.002744,36413.021272
R313:36412.578221,0.028090,36412.948154,36413.021287,36413.049378
R314:36412.579602,0.171532,36413.100950,36413.049392,36413.220925
R315:36412.580266,0.098178,36413.311194,36413.220975,36413.319154
R316:36412.645983,0.180476,36413.311194,36413.319172,36413.499648
R317:36412.801865,0.039612,36413.520551,36413.499672,36413.539284
R318:36412.815456,0.105725,36413.520551,36413.539298,36413.645024
R319:36412.863250,0.224805,36413.862174,36413.645041,36413.869848
R320:36412.936047,0.023105,36413.862174,36413.869869,36413.892975
R321:36412.948122,0.030383,36413.862174,36413.892988,36413.923372
R322:36413.100911,0.091793,36413.862174,36413.923389,36414.015183
R323:36413.264998,0.021254,36413.862174,36414.015202,36414.036456
R324:36413.311160,0.008699,36413.862174,36414.036474,36414.045173
R325:36413.520511,0.065068,36414.084442,36414.045187,36414.110256
R326:36413.663927,0.172276,36414.128726,36414.110271,36414.282548
R327:36413.754534,0.022112,36414.128726,36414.282579,36414.304692
R328:36413.769083,0.015125,36414.305003,36414.304705,36414.319831
R329:36413.782164,0.012925,36414.305003,36414.319845,36414.332771
R330:36413.852452,0.017213,36414.305003,36414.332784,36414.349998
R331:36413.862143,0.000931,36414.305003,36414.350011,36414.350943
R332:36414.071874,0.008521,36414.305003,36414.350956,36414.359478
R333:36414.084418,0.069712,36414.408831,36414.359490,36414.429202
R334:36414.128691,0.007088,36414.408831,36414.429218,36414.436306
R335:36414.304973,0.004878,36414.408831,36414.436318,36414.441196
R336:36414.373033,0.045736,36414.469825,36414.441210,36414.486947
R337:36414.408796,0.023132,36414.469825,36414.486970,36414.510103
R338:36414.449794,0.162324,36414.652166,36414.510117,36414.672442
R339:36414.469794,0.014106,36414.686261,36414.672522,36414.686630
R340:36414.529458,0.037691,36414.702300,36414.686650,36414.724341
R341:36414.532002,0.093328,36414.788265,36414.724356,36414.817684
R342:36414.652125,0.413311,36415.165076,36414.817698,36415.231010
R343:36414.683621,0.049426,36415.165076,36415.231040,36415.280467
R344:36414.686231,0.072273,36415.332616,36415.280484,36415.352757
R345:36414.702269,0.026462,36415.332616,36415.352774,36415.379237
R346:36414.788230,0.069365,36415.432369,36415.379251,36415.448616
R347:36414.945484,0.003431,36415.432369,36415.448635,36415.452067
R348:36414.975343,0.108415,36415.550771,36415.452079,36415.560495
R349:36415.079322,0.076364,36415.622323,36415.560517,36415.636882
R350:36415.165032,0.025022,36415.642335,36415.636896,36415.661919
R351:36415.332575,0.023582,36415.642335,36415.661933,36415.685516
R352:36415.432330,0.013971,36415.642335,36415.685529,36415.699501
R353:36415.550736,0.003661,36415.642335,36415.699514,36415.703176
R354:36415.614633,0.011408,36415.705881,36415.703188,36415.714597
R355:36415.622292,0.009759,36415.705881,36415.714609,36415.724368
R356:36415.642300,0.003987,36415.705881,36415.724381,36415.728369
R357:36415.705849,0.193972,36415.912645,36415.728380,36415.922353
R358:36415.863240,0.172880,36416.038595,36415.922372,36416.095253
R359:36415.867377,0.019801,36416.038595,36416.095272,36416.115073
R360:36415.912612,0.012329,36416.038595,36416.115088,36416.127417
R361:36415.975794,0.043129,36416.159352,36416.127430,36416.170560
R362:36416.038560,0.173640,36416.328090,36416.170574,36416.344215
R363:36416.159318,0.058191,36416.383293,36416.344240,36416.402432
R364:36416.212739,0.017013,36416.383293,36416.402447,36416.419461
R365:36416.306124,0.066933,36416.383293,36416.419475,36416.486409
R366:36416.328056,0.001119,36416.383293,36416.486424,36416.487545
R367:36416.383257,0.028468,36416.383293,36416.487557,36416.516025
R368:36416.574788,0.049297,36416.591289,36416.574833,36416.624131
R369:36416.591258,0.024465,36416.627912,36416.624155,36416.648620
R370:36416.627878,0.069068,36416.709295,36416.648634,36416.717702
R371:36416.709262,0.020891,36416.709295,36416.717717,36416.738610
R372:36416.751125,0.026987,36416.751157,36416.751164,36416.778151
R373:36416.837901,0.094922,36416.877719,36416.837940,36416.932863
R374:36416.855164,0.076711,36416.877719,36416.932885,36417.009597
R375:36416.876508,0.124342,36417.121624,36417.009614,36417.133957
R376:36416.877689,0.061213,36417.121624,36417.133976,36417.195190
R377:36417.014371,0.073500,36417.121624,36417.195205,36417.268706
R378:36417.042096,0.125592,36417.333283,36417.268731,36417.394324
R379:36417.095561,0.019735,36417.333283,36417.394342,36417.414078
R380:36417.116146,0.048156,36417.333283,36417.414093,36417.462249
R381:36417.121594,0.063016,36417.333283,36417.462264,36417.525280
R382:36417.279147,0.114815,36417.619897,36417.525294,36417.640109
R383:36417.333255,0.088976,36417.619897,36417.640133,36417.729110
R384:36417.561356,0.029746,36417.742468,36417.729131,36417.758878
R385:36417.591492,0.001610,36417.742468,36417.758894,36417.760505
R386:36417.594717,0.044532,36417.802636,36417.760537,36417.805070
R387:36417.595094,0.082127,36417.802636,36417.805086,36417.887213
R388:36417.619863,0.047205,36417.802636,36417.887232,36417.934438
R389:36417.742423,0.005433,36417.802636,36417.934452,36417.939886
R390:36417.787457,0.044064,36417.802636,36417.939899,36417.983964
R391:36417.802615,0.002958,36417.986150,36417.983979,36417.986937
R392:36417.986123,0.018723,36417.992461,36417.986950,36418.005675
R393:36417.992442,0.062986,36417.992461,36418.005689,36418.068676
R394:36418.081211,0.217253,36418.278832,36418.081262,36418.298515
R395:36418.088192,0.012109,36418.278832,36418.298540,36418.310650
R396:36418.232569,0.094390,36418.386208,36418.310665,36418.405056
R397:36418.278805,0.000467,36418.386208,36418.405072,36418.405540
R398:36418.386170,0.088904,36418.447950,36418.405554,36418.494459
R399:36418.447920,0.170560,36418.552497,36418.494475,36418.665036
R400:36418.545194,0.103299,36418.761560,36418.665055,36418.768354
R401:36418.552453,0.007134,36418.761560,36418.768369,36418.775504
R402:36418.761530,0.018236,36418.784542,36418.775518,36418.793755
R403:36418.784510,0.006658,36418.784542,36418.793768,36418.800427
R404:36418.903054,0.021643,36418.903088,36418.903094,36418.924739
R405:36419.001164,0.185068,36419.117034,36419.001209,36419.186278
R406:36419.014786,0.006779,36419.117034,36419.186305,36419.193084
R407:36419.116996,0.124406,36419.117034,36419.193098,36419.317505
R408:36419.400520,0.078611,36419.473995,36419.400564,36419.479176
R409:36419.430388,0.037991,36419.473995,36419.479196,36419.517188
R410:36419.473961,0.026102,36419.473995,36419.517203,36419.543306
R411:36419.549791,0.009282,36419.549823,36419.549829,36419.559112
R412:36419.615343,0.031654,36419.640675,36419.615387,36419.647042
R413:36419.621415,0.071897,36419.703074,36419.647063,36419.718960
R414:36419.631949,0.141732,36419.808686,36419.718978,36419.860710
R415:36419.640646,0.015788,36419.808686,36419.860728,36419.876516
R416:36419.703041,0.050177,36419.915935,36419.876530,36419.926707
R417:36419.781884,0.191241,36420.038110,36419.926722,36420.117963
R418:36419.808651,0.008680,36420.038110,36420.117985,36420.126666
R419:36419.913091,0.048232,36420.148234,36420.126679,36420.174912
R420:36419.915902,0.015847,36420.148234,36420.174927,36420.190775
R421:36419.952324,0.011636,36420.148234,36420.190788,36420.202425
R422:36419.995388,0.037916,36420.148234,36420.202438,36420.240354
R423:36420.021727,0.069947,36420.148234,36420.240375,36420.310323
R424:36420.022132,0.041320,36420.325070,36420.310342,36420.351663
R425:36420.031783,0.101018,36420.378574,36420.351683,36420.452702
R426:36420.038080,0.076944,36420.378574,36420.452719,36420.529664
R427:36420.148199,0.134593,36420.601487,36420.529679,36420.664272
R428:36420.320394,0.003222,36420.601487,36420.664289,36420.667511
R429:36420.325040,0.012997,36420.674169,36420.667524,36420.680522
R430:36420.378541,0.007733,36420.674169,36420.680536,36420.688270
R431:36420.566359,0.060454,36420.729567,36420.688281,36420.748737
R432:36420.601453,0.080340,36420.729567,36420.748751,36420.829092
R433:36420.674134,0.034794,36420.853039,36420.829108,36420.863903
R434:36420.729532,0.057466,36420.853039,36420.863941,36420.921407
R435:36420.853004,0.016712,36420.853039,36420.921423,36420.938136
R436:36421.034830,0.031248,36421.034869,36421.034876,36421.066126
R437:36421.146068,0.006838,36421.146104,36421.146111,36421.152951
R438:36421.180449,0.032661,36421.180483,36421.180489,36421.213152
R439:36421.298327,0.181390,36421.396629,36421.298372,36421.479763
R440:36421.396593,0.118706,36421.531811,36421.479791,36421.598498
R441:36421.531773,0.067228,36421.621351,36421.598515,36421.665744
R442:36421.621315,0.065328,36421.723105,36421.665759,36421.731087
R443:36421.673188,0.057645,36421.723105,36421.731103,36421.788750
R444:36421.723058,0.001995,36421.723105,36421.788770,36421.790765
R445:36421.802666,0.061037,36421.802704,36421.802710,36421.863748
R446:36421.903427,0.010361,36421.903461,36421.903467,36421.913829
R447:36421.914133,0.100162,36421.929754,36421.914180,36422.014342
R448:36421.929720,0.088613,36422.077152,36422.014360,36422.102974
R449:36422.062572,0.073249,36422.103979,36422.102991,36422.176241
R450:36422.077119,0.007438,36422.103979,36422.176257,36422.183696
R451:36422.103948,0.007190,36422.103979,36422.183709,36422.190899
R452:36422.260614,0.021010,36422.260651,36422.260659,36422.281670
R453:36422.307312,0.022620,36422.323274,36422.307352,36422.329973
R454:36422.323243,0.195832,36422.525478,36422.329990,36422.525823
R455:36422.399822,0.047138,36422.536441,36422.525848,36422.572987
R456:36422.417761,0.183623,36422.742912,36422.573004,36422.756628
R457:36422.525431,0.023266,36422.742912,36422.756647,36422.779914
R458:36422.536408,0.068952,36422.822987,36422.779930,36422.848883
R459:36422.595229,0.017671,36422.822987,36422.848899,36422.866571
R460:36422.742877,0.066168,36422.822987,36422.866585,36422.932754
R461:36422.822953,0.111775,36422.950653,36422.932772,36423.044548
R462:36422.950618,0.001924,36422.950653,36423.044568,36423.046493
R463:36423.056644,0.064083,36423.120452,36423.056682,36423.120766
R464:36423.120417,0.099276,36423.120452,36423.120788,36423.220064
R465:36423.223501,0.005324,36423.223534,36423.223539,36423.228864
R466:36423.247407,0.012641,36423.247434,36423.247442,36423.260084
R467:36423.398878,0.029730,36423.413015,36423.398923,36423.428655
R468:36423.412984,0.031731,36423.454838,36423.428680,36423.460411
R469:36423.454802,0.007075,36423.454838,36423.460429,36423.467505
R470:36423.529301,0.135728,36423.624334,36423.529340,36423.665069
R471:36423.557465,0.007334,36423.624334,36423.665095,36423.672430
R472:36423.624300,0.092345,36423.741409,36423.672443,36423.764789
R473:36423.741373,0.030464,36423.777763,36423.764809,36423.795273
R474:36423.777732,0.021181,36423.813582,36423.795289,36423.816471
R475:36423.813551,0.004712,36423.813582,36423.816485,36423.821197
R476:36423.878950,0.037732,36423.878983,36423.878989,36423.916722
R477:36424.044550,0.074898,36424.044587,36424.044594,36424.119493
R478:36424.196755,0.042532,36424.196801,36424.196812,36424.239345
R479:36424.240889,0.016943,36424.240915,36424.240920,36424.257863
R480:36424.265614,0.057315,36424.311447,36424.265646,36424.322962
R481:36424.285808,0.008984,36424.311447,36424.322985,36424.331971
R482:36424.311424,0.043615,36424.311447,36424.331984,36424.375600
R483:36424.410302,0.014253,36424.410333,36424.410339,36424.424592
R484:36424.457845,0.009544,36424.457918,36424.457938,36424.467483
R485:36424.597762,0.013603,36424.597808,36424.597818,36424.611422
R486:36424.622568,0.154022,36424.736059,36424.622605,36424.776629
R487:36424.622784,0.110232,36424.736059,36424.776651,36424.886884
R488:36424.647134,0.077549,36424.736059,36424.886922,36424.964472
R489:36424.722237,0.003051,36424.965502,36424.964492,36424.967543
R490:36424.736028,0.099461,36425.045551,36424.967556,36425.067018
R491:36424.965456,0.131679,36425.090349,36425.067038,36425.198718
R492:36424.974036,0.343280,36425.527254,36425.198771,36425.542052
R493:36424.990639,0.073490,36425.570921,36425.542085,36425.615576
R494:36425.045517,0.117563,36425.716788,36425.615594,36425.733158
R495:36425.090322,0.082965,36425.739150,36425.733177,36425.816143
R496:36425.249530,0.014336,36425.823602,36425.816165,36425.830502
R497:36425.286676,0.011205,36425.823602,36425.830518,36425.841724
R498:36425.416727,0.026090,36425.860571,36425.841740,36425.867830
R499:36425.496741,0.050692,36425.912179,36425.867848,36425.918541
R500:36425.527220,0.068178,36425.949343,36425.918556,36425.986735
R501:36425.570886,0.041087,36425.949343,36425.986751,36426.027839
R502:36425.661091,0.000391,36425.949343,36426.027854,36426.028246
R503:36425.716753,0.014182,36425.949343,36426.028259,36426.042442
R504:36425.739120,0.039144,36425.949343,36426.042456,36426.081601
R505:36425.823570,0.070579,36426.100223,36426.081623,36426.152202
R506:36425.842847,0.028650,36426.167056,36426.152226,36426.180876
R507:36425.860532,0.037056,36426.208358,36426.180891,36426.217948
R508:36425.912145,0.003452,36426.208358,36426.217965,36426.221418
R509:36425.942222,0.110489,36426.325352,36426.221432,36426.331922
R510:36425.949314,0.287718,36426.619255,36426.331944,36426.619663
R511:36426.100188,0.022298,36426.619255,36426.619703,36426.642002
R512:36426.152819,0.029674,36426.619255,36426.642020,36426.671694
R513:36426.167023,0.128178,36426.619255,36426.671710,36426.799889
R514:36426.208326,0.102843,36426.848494,36426.799909,36426.902753
R515:36426.290426,0.010081,36426.848494,36426.902771,36426.912853
R516:36426.325323,0.007276,36426.848494,36426.912866,36426.920143
R517:36426.365060,0.228834,36427.142044,36426.920158,36427.148992
R518:36426.430598,0.135550,36427.245416,36427.149017,36427.284567
R519:36426.438879,0.108169,36427.304617,36427.284592,36427.392762
R520:36426.451289,0.033577,36427.426061,36427.392781,36427.426359
R521:36426.478138,0.050668,36427.472128,36427.426378,36427.477046
R522:36426.521598,0.233864,36427.681495,36427.477064,36427.710929
R523:36426.619221,0.006180,36427.681495,36427.710951,36427.717132
R524:36426.846966,0.003636,36427.681495,36427.717173,36427.720809
R525:36426.848465,0.153187,36427.861849,36427.720824,36427.874012
R526:36427.011452,0.036217,36427.861849,36427.874032,36427.910249
R527:36427.014368,0.016552,36427.861849,36427.910264,36427.926816
R528:36427.028888,0.064997,36427.861849,36427.926832,36427.991830
R529:36427.136534,0.041263,36427.861849,36427.991848,36428.033112
R530:36427.142013,0.041071,36428.050478,36428.033129,36428.074201
R531:36427.179591,0.120336,36428.173352,36428.074216,36428.194553
R532:36427.245390,0.015063,36428.173352,36428.194576,36428.209639
R533:36427.304589,0.074430,36428.239055,36428.209655,36428.284086
R534:36427.420730,0.218985,36428.499694,36428.284103,36428.503088
R535:36427.426034,0.032356,36428.499694,36428.503112,36428.535469
R536:36427.472095,0.178103,36428.704055,36428.535487,36428.713591
R537:36427.503790,0.007265,36428.704055,36428.713613,36428.720878
R538:36427.681460,0.138953,36428.704055,36428.720892,36428.859846
R539:36427.846590,0.169563,36429.003199,36428.859868,36429.029431
R540:36427.861817,0.006262,36429.035510,36429.029452,36429.035715
R541:36428.050442,0.230295,36429.207297,36429.035730,36429.266026
R542:36428.173314,0.000316,36429.207297,36429.266050,36429.266367
R543:36428.224109,0.022569,36429.207297,36429.266381,36429.288951
R544:36428.239023,0.020244,36429.307614,36429.288966,36429.309211
R545:36428.309578,0.002479,36429.307614,36429.309232,36429.311711
R546:36428.408241,0.028771,36429.319084,36429.311726,36429.340498
R547:36428.499657,0.022379,36429.319084,36429.340514,36429.362894
R548:36428.646528,0.074981,36429.434669,36429.362909,36429.437890
R549:36428.704022,0.065222,36429.495782,36429.437910,36429.503132
R550:36428.929979,0.037811,36429.495782,36429.503150,36429.540962
R551:36429.002539,0.368793,36429.759923,36429.540981,36429.909776
R552:36429.003170,0.173058,36430.073904,36429.909800,36430.082859
R553:36429.035477,0.020492,36430.073904,36430.082902,36430.103394
R554:36429.042962,0.022932,36430.073904,36430.103412,36430.126345
R555:36429.158305,0.087215,36430.195397,36430.126362,36430.213579
R556:36429.173023,0.000465,36430.195397,36430.213599,36430.214065
R557:36429.207264,0.146856,36430.307108,36430.214081,36430.360937
R558:36429.292826,0.144972,36430.446116,36430.360960,36430.505933
R559:36429.293684,0.067962,36430.566332,36430.505951,36430.573913
R560:36429.307587,0.173022,36430.674756,36430.573933,36430.746956
R561:36429.319065,0.136042,36430.843624,36430.746978,36430.883021
R562:36429.399512,0.052897,36430.843624,36430.883046,36430.935945
R563:36429.422586,0.117592,36431.025228,36430.935964,36431.053557
R564:36429.434649,0.007987,36431.025228,36431.053580,36431.061568
R565:36429.452683,0.131449,36431.128272,36431.061584,36431.193034
R566:36429.495748,0.041234,36431.128272,36431.193060,36431.234294
R567:36429.552133,0.160169,36431.330730,36431.234319,36431.394489
R568:36429.690983,0.208406,36431.489306,36431.394512,36431.602919
R569:36429.725919,0.013858,36431.489306,36431.602939,36431.616798
R570:36429.739599,0.029770,36431.638388,36431.616821,36431.646591
R571:36429.759892,0.065903,36431.638388,36431.646607,36431.712511
R572:36429.938024,0.063719,36431.638388,36431.712529,36431.776249
R573:36429.970717,0.031740,36431.638388,36431.776289,36431.808030
R574:36430.022772,0.078965,36431.638388,36431.808049,36431.887015
R575:36430.072562,0.070001,36431.893340,36431.887033,36431.957034
R576:36430.073874,0.078878,36431.967231,36431.957053,36432.035932
R577:36430.142901,0.150478,36432.133529,36432.035953,36432.186431
R578:36430.195360,0.074994,36432.205860,36432.186453,36432.261448
R579:36430.215111,0.041624,36432.205860,36432.261469,36432.303094
R580:36430.307072,0.012959,36432.205860,36432.303109,36432.316068
R581:36430.417967,0.027099,36432.205860,36432.316084,36432.343184
R582:36430.446081,0.013393,36432.348478,36432.343203,36432.356597
R583:36430.518663,0.001659,36432.348478,36432.356618,36432.358277
R584:36430.538614,0.036047,36432.348478,36432.358291,36432.394339
R585:36430.549245,0.032439,36432.411195,36432.394355,36432.426795
R586:36430.566301,0.009258,36432.411195,36432.426811,36432.436070
R587:36430.673765,0.010439,36432.411195,36432.436085,36432.446525
R588:36430.674727,0.050413,36432.411195,36432.446539,36432.496953
R589:36430.772391,0.018912,36432.411195,36432.496966,36432.515879
R590:36430.825397,0.052022,36432.411195,36432.515895,36432.567918
R591:36430.843592,0.123908,36432.687868,36432.567933,36432.691841
R592:36431.006005,0.035991,36432.687868,36432.691863,36432.727855
R593:36431.025197,0.043192,36432.687868,36432.727871,36432.771064
R594:36431.121284,0.041505,36432.798419,36432.771079,36432.812585
R595:36431.128231,0.141755,36432.798419,36432.812623,36432.954378
R596:36431.330698,0.020655,36432.798419,36432.954397,36432.975052
R597:36431.403716,0.021716,36432.982606,36432.975068,36432.996784
R598:36431.421003,0.040866,36432.982606,36432.996801,36433.037667
R599:36431.463516,0.058879,36433.092133,36433.037682,36433.096562
R600:36431.489274,0.048220,36433.092133,36433.096578,36433.144799
R601:36431.638355,0.070708,36433.179420,36433.144814,36433.215523
R602:36431.893305,0.279890,36433.429073,36433.215543,36433.495434
R603:36431.967201,0.032917,36433.429073,36433.495457,36433.528375
R604:36432.081716,0.025952,36433.535921,36433.528391,36433.554343
R605:36432.133496,0.089850,36433.616753,36433.554358,36433.644209
R606:36432.205825,0.050863,36433.616753,36433.644227,36433.695092
R607:36432.348451,0.006997,36433.616753,36433.695111,36433.702109
R608:36432.411169,0.026080,36433.726592,36433.702122,36433.728203
R609:36432.626445,0.002957,36433.726592,36433.728220,36433.731177
R610:36432.687832,0.048616,36433.726592,36433.731191,36433.779807
R611:36432.798386,0.037159,36433.726592,36433.779822,36433.816982
R612:36432.982573,0.009965,36433.726592,36433.816997,36433.826963
R613:36433.092098,0.017647,36433.726592,36433.826977,36433.844624
R614:36433.179385,0.000527,36433.726592,36433.844637,36433.845165
R615:36433.244336,0.042709,36433.726592,36433.845178,36433.887889
R616:36433.366483,0.104336,36433.927143,36433.887905,36433.992242
R617:36433.419340,0.012201,36433.927143,36433.992260,36434.004462
R618:36433.429040,0.173140,36434.166203,36434.004475,36434.177616
R619:36433.535887,0.022967,36434.194038,36434.177641,36434.200610
R620:36433.594046,0.014342,36434.194038,36434.200625,36434.214968
R621:36433.614415,0.007931,36434.194038,36434.214986,36434.222917
R622:36433.616724,0.063789,36434.194038,36434.222931,36434.286721
R623:36433.709543,0.075580,36434.338337,36434.286740,36434.362322
R624:36433.726560,0.103495,36434.338337,36434.362343,36434.465838
R625:36433.927116,0.086515,36434.476116,36434.465860,36434.552375
R626:36434.018452,0.069164,36434.476116,36434.552411,36434.621576
R627:36434.044557,0.006297,36434.476116,36434.621594,36434.627892
R628:36434.056528,0.130809,36434.727127,36434.627906,36434.758715
R629:36434.166167,0.032042,36434.727127,36434.758737,36434.790779
R630:36434.194014,0.010194,36434.727127,36434.790795,36434.800990
R631:36434.338302,0.032959,36434.727127,36434.801004,36434.833963
R632:36434.476076,0.265831,36435.019789,36434.833979,36435.099810
R633:36434.668872,0.082207,36435.164167,36435.099835,36435.182043
R634:36434.727093,0.008084,36435.164167,36435.182060,36435.190145
R635:36434.896736,0.011222,36435.164167,36435.190159,36435.201382
R636:36434.896757,0.002144,36435.164167,36435.201395,36435.203540
R637:36434.923044,0.002378,36435.164167,36435.203551,36435.205930
R638:36434.945253,0.043450,36435.241922,36435.205943,36435.249394
R639:36435.019754,0.058986,36435.300301,36435.249414,36435.308401
R640:36435.108983,0.038031,36435.300301,36435.308420,36435.346452
R641:36435.131198,0.056750,36435.369301,36435.346468,36435.403220
R642:36435.158138,0.042097,36435.369301,36435.403243,36435.445341
R643:36435.164137,0.133436,36435.506366,36435.445360,36435.578797
R644:36435.241895,0.284325,36435.847513,36435.578816,36435.863142
R645:36435.270265,0.014457,36435.847513,36435.863168,36435.877625
R646:36435.290494,0.007107,36435.847513,36435.877641,36435.884749
R647:36435.300271,0.004158,36435.847513,36435.884764,36435.888922
R648:36435.363104,0.010233,36435.847513,36435.888935,36435.899168
R649:36435.369275,0.304021,36436.161097,36435.899182,36436.203205
R650:36435.473984,0.097724,36436.279481,36436.203229,36436.300954
R651:36435.495175,0.055379,36436.312141,36436.300976,36436.356356
R652:36435.506335,0.035351,36436.385654,36436.356374,36436.391726
R653:36435.621585,0.039653,36436.393690,36436.391746,36436.431400
R654:36435.686927,0.024979,36436.393690,36436.431418,36436.456398
R655:36435.844882,0.011430,36436.393690,36436.456412,36436.467842
R656:36435.847482,0.028674,36436.393690,36436.467858,36436.496533
R657:36435.945729,0.117202,36436.550322,36436.496546,36436.613749
R658:36436.039448,0.033384,36436.629147,36436.613767,36436.647152
R659:36436.161063,0.010473,36436.629147,36436.647169,36436.657643
R660:36436.245310,0.186419,36436.775547,36436.657659,36436.844078
R661:36436.279457,0.047233,36436.865530,36436.844123,36436.891357
R662:36436.309187,0.172968,36436.995468,36436.891375,36437.064344
R663:36436.312123,0.008724,36436.995468,36437.064366,36437.073091
R664:36436.372100,0.027414,36436.995468,36437.073106,36437.100521
R665:36436.377115,0.026114,36436.995468,36437.100536,36437.126651
R666:36436.385630,0.019775,36437.126748,36437.126664,36437.146439
R667:36436.393671,0.158377,36437.214091,36437.146453,36437.304831
R668:36436.550282,0.044582,36437.307182,36437.304853,36437.349436
R669:36436.629111,0.054527,36437.307182,36437.349460,36437.403988
R670:36436.660491,0.033050,36437.307182,36437.404009,36437.437060
R671:36436.775512,0.052844,36437.307182,36437.437076,36437.489920
R672:36436.865493,0.039478,36437.307182,36437.489937,36437.529416
R673:36436.961853,0.054460,36437.569068,36437.529431,36437.583891
R674:36436.995442,0.004656,36437.569068,36437.583907,36437.588565
R675:36437.126716,0.016622,36437.569068,36437.588578,36437.605201
R676:36437.213585,0.002992,36437.569068,36437.605215,36437.608208
R677:36437.214061,0.003175,36437.569068,36437.608220,36437.611396
R678:36437.307148,0.023434,36437.569068,36437.611409,36437.634843
R679:36437.555776,0.002501,36437.569068,36437.634859,36437.637360
R680:36437.569037,0.022028,36437.640784,36437.637373,36437.659402
R681:36437.640752,0.089752,36437.727961,36437.659416,36437.749169
R682:36437.672748,0.019113,36437.727961,36437.749188,36437.768302
R683:36437.727927,0.015402,36437.727961,36437.768317,36437.783720
R684:36437.802290,0.000147,36437.802322,36437.802329,36437.802477
R685:36437.897677,0.051340,36437.897719,36437.897729,36437.949069
R686:36438.001112,0.043739,36438.043154,36438.001153,36438.044893
R687:36438.036807,0.009557,36438.043154,36438.044917,36438.054474
R688:36438.043123,0.041001,36438.043154,36438.054487,36438.095489
R689:36438.231072,0.097633,36438.315194,36438.231116,36438.328750
R690:36438.315151,0.033537,36438.315194,36438.328777,36438.362314
R691:36438.368621,0.050798,36438.368654,36438.368661,36438.419460
R692:36438.693981,0.084338,36438.735360,36438.694043,36438.778382
R693:36438.735325,0.034997,36438.798334,36438.778412,36438.813410
R694:36438.797267,0.092138,36438.881760,36438.813426,36438.905565
R695:36438.798303,0.069546,36438.881760,36438.905584,36438.975132
R696:36438.840402,0.109378,36439.080120,36438.975150,36439.084528
R697:36438.842618,0.056014,36439.080120,36439.084545,36439.140560
R698:36438.877643,0.002327,36439.080120,36439.140577,36439.142905
R699:36438.881730,0.104781,36439.227589,36439.142920,36439.247701
R700:36438.988181,0.051708,36439.227589,36439.247727,36439.299437
R701:36438.990857,0.037429,36439.317902,36439.299453,36439.336883
R702:36439.019406,0.035599,36439.317902,36439.336901,36439.372501
R703:36439.020916,0.198015,36439.392953,36439.372516,36439.570532
R704:36439.080086,0.019616,36439.586237,36439.570558,36439.590176
R705:36439.227555,0.034047,36439.586237,36439.590232,36439.624280
R706:36439.317867,0.081838,36439.703167,36439.624303,36439.706141
R707:36439.392917,0.006246,36439.703167,36439.706158,36439.712405
R708:36439.586200,0.047958,36439.703167,36439.712418,36439.760377
R709:36439.625719,0.038527,36439.703167,36439.760394,36439.798922
R710:36439.674942,0.191076,36439.942745,36439.798935,36439.990011
R711:36439.696648,0.023040,36439.993485,36439.990032,36440.013073
R712:36439.703133,0.042838,36439.993485,36440.013088,36440.055927
R713:36439.801959,0.108861,36440.072153,36440.055944,36440.164806
R714:36439.942715,0.067235,36440.072153,36440.164825,36440.232061
R715:36439.993451,0.052480,36440.072153,36440.232076,36440.284557
R716:36440.058374,0.173845,36440.375090,36440.284576,36440.458421
R717:36440.072119,0.014505,36440.375090,36440.458449,36440.472955
R718:36440.334213,0.051430,36440.487461,36440.472971,36440.524402
R719:36440.363916,0.015979,36440.487461,36440.524417,36440.540397
R720:36440.375057,0.131917,36440.669676,36440.540414,36440.672332
R721:36440.487425,0.038987,36440.674044,36440.672350,36440.711339
R722:36440.555263,0.052676,36440.714520,36440.711358,36440.764035
R723:36440.615356,0.336015,36441.040806,36440.764050,36441.100066
R724:36440.669642,0.002035,36441.040806,36441.100091,36441.102127
R725:36440.674015,0.025814,36441.040806,36441.102142,36441.127956
R726:36440.714488,0.048799,36441.040806,36441.127971,36441.176771
R727:36440.972889,0.085433,36441.040806,36441.176787,36441.262220
R728:36441.040770,0.042810,36441.040806,36441.262239,36441.305050
R729:36441.396341,0.046407,36441.396379,36441.396386,36441.442795
R730:36441.449840,0.008824,36441.458135,36441.449883,36441.458708
R731:36441.458111,0.022264,36441.465232,36441.458734,36441.480999
R732:36441.461517,0.001406,36441.465232,36441.481016,36441.482422
R733:36441.465214,0.032985,36441.511883,36441.482436,36441.515421
R734:36441.511861,0.065158,36441.570321,36441.515438,36441.580597
R735:36441.570278,0.028831,36441.570321,36441.580617,36441.609449
R736:36441.636354,0.016262,36441.636388,36441.636394,36441.652658
R737:36441.683833,0.003716,36441.683866,36441.683872,36441.687589
R738:36441.796654,0.026311,36441.796692,36441.796699,36441.823011
R739:36441.899410,0.115006,36441.945436,36441.899455,36442.014462
R740:36441.902919,0.043620,36441.945436,36442.014488,36442.058109
R741:36441.934383,0.026630,36441.945436,36442.058127,36442.084757
R742:36441.945415,0.094078,36441.945436,36442.084790,36442.178869
R743:36442.458555,0.324884,36442.755972,36442.458599,36442.783484
R744:36442.462372,0.057628,36442.755972,36442.783512,36442.841140
R745:36442.481054,0.027607,36442.848500,36442.841157,36442.868765
R746:36442.529704,0.051797,36442.893960,36442.868781,36442.920579
R747:36442.616358,0.093207,36442.893960,36442.920595,36443.013803
R748:36442.686052,0.007205,36442.893960,36443.013823,36443.021029
R749:36442.744881,0.008491,36442.893960,36443.021044,36443.029535
R750:36442.755940,0.091528,36442.893960,36443.029549,36443.121078
R751:36442.848465,0.015850,36443.129647,36443.121095,36443.136946
R752:36442.893924,0.020485,36443.151734,36443.136959,36443.157445
R753:36443.129609,0.086253,36443.215551,36443.157459,36443.243713
R754:36443.151702,0.025082,36443.215551,36443.243760,36443.268843
R755:36443.215516,0.195594,36443.450394,36443.268860,36443.464455
R756:36443.272192,0.078187,36443.450394,36443.464477,36443.542665
R757:36443.384972,0.105001,36443.560325,36443.542680,36443.647681
R758:36443.408073,0.026480,36443.560325,36443.647701,36443.674182
R759:36443.450360,0.075264,36443.730762,36443.674198,36443.749462
R760:36443.560288,0.021824,36443.730762,36443.749479,36443.771304
R761:36443.729582,0.062634,36443.730762,36443.771319,36443.833954
R762:36443.730730,0.067867,36443.885147,36443.833968,36443.901837
R763:36443.852982,0.031916,36443.885147,36443.901853,36443.933769
R764:36443.885114,0.046925,36443.885147,36443.933783,36443.980709
R765:36443.981664,0.041983,36443.981691,36443.981696,36444.023680
R766:36444.031197,0.235328,36444.152313,36444.031236,36444.266565
R767:36444.051952,0.016144,36444.152313,36444.266584,36444.282729
R768:36444.133108,0.192995,36444.375651,36444.282742,36444.475738
R769:36444.152282,0.116540,36444.495581,36444.475766,36444.592307
R770:36444.354258,0.044687,36444.628780,36444.592325,36444.637013
R771:36444.375617,0.003561,36444.628780,36444.637029,36444.640590
R772:36444.481456,0.003337,36444.628780,36444.640604,36444.643942
R773:36444.495560,0.065495,36444.688271,36444.643955,36444.709450
R774:36444.628743,0.066347,36444.688271,36444.709470,36444.775818
R775:36444.662519,0.022191,36444.688271,36444.775834,36444.798026
R776:36444.688239,0.025508,36444.688271,36444.798041,36444.823550
R777:36444.859878,0.087018,36444.859925,36444.859936,36444.946956
R778:36445.019090,0.019574,36445.019135,36445.019143,36445.038718
R779:36445.243230,0.079765,36445.251556,36445.243298,36445.323064
R780:36445.251531,0.062664,36445.366351,36445.323098,36445.385763
R781:36445.353418,0.000788,36445.366351,36445.385781,36445.386569
R782:36445.366318,0.123815,36445.446735,36445.386584,36445.510399
R783:36445.428307,0.112599,36445.557751,36445.510421,36445.623021
R784:36445.446702,0.012233,36445.630979,36445.623038,36445.635273
R785:36445.557713,0.003199,36445.630979,36445.635289,36445.638488
R786:36445.630944,0.035617,36445.630979,36445.638501,36445.674119
R787:36445.707204,0.120141,36445.803195,36445.707246,36445.827388
R788:36445.714656,0.191997,36446.014049,36445.827413,36446.019410
R789:36445.759045,0.121902,36446.014049,36446.019444,36446.141347
R790:36445.803161,0.095943,36446.208373,36446.141389,36446.237334
R791:36445.864166,0.044077,36446.208373,36446.237361,36446.281439
R792:36445.873528,0.000995,36446.208373,36446.281455,36446.282450
R793:36445.879569,0.002542,36446.208373,36446.282465,36446.285007
R794:36445.896662,0.025905,36446.305739,36446.285019,36446.310925
R795:36445.919082,0.001963,36446.305739,36446.310940,36446.312904
R796:36446.014001,0.153614,36446.436734,36446.312915,36446.466530
R797:36446.205353,0.047746,36446.471092,36446.466553,36446.514299
R798:36446.208353,0.020759,36446.471092,36446.514317,36446.535076
R799:36446.305709,0.050711,36446.471092,36446.535090,36446.585802
R800:36446.333980,0.229194,36446.809262,36446.585817,36446.815012
R801:36446.374805,0.006384,36446.820884,36446.815032,36446.821417
R802:36446.436700,0.075620,36446.820884,36446.821448,36446.897069
R803:36446.471066,0.124066,36446.902308,36446.897089,36447.021156
R804:36446.657414,0.032627,36447.047587,36447.021183,36447.053811
R805:36446.726962,0.014579,36447.064874,36447.053825,36447.068405
R806:36446.809227,0.109437,36447.073970,36447.068418,36447.177856
R807:36446.820843,0.017483,36447.073970,36447.177876,36447.195360
R808:36446.902284,0.148880,36447.317481,36447.195373,36447.344254
R809:36447.025239,0.006314,36447.317481,36447.344273,36447.350588
R810:36447.047554,0.000216,36447.317481,36447.350600,36447.350817
R811:36447.064842,0.010532,36447.357362,36447.350829,36447.361362
R812:36447.073938,0.011634,36447.371570,36447.361375,36447.373010
R813:36447.240888,0.069504,36447.371570,36447.373022,36447.442527
R814:36447.317446,0.276523,36447.588593,36447.442542,36447.719066
R815:36447.357328,0.132478,36447.850085,36447.719087,36447.851566
R816:36447.371539,0.095027,36447.907579,36447.851584,36447.946612
R817:36447.588555,0.027081,36447.907579,36447.946630,36447.973712
R818:36447.808874,0.141683,36448.061091,36447.973727,36448.115411
R819:36447.850049,0.004136,36448.061091,36448.115430,36448.119567
R820:36447.864092,0.132104,36448.249470,36448.119581,36448.251686
R821:36447.886355,0.036027,36448.249470,36448.251701,36448.287729
R822:36447.907547,0.184048,36448.444548,36448.287742,36448.471790
R823:36447.986421,0.044837,36448.444548,36448.471814,36448.516652
R824:36448.061055,0.165328,36448.630159,36448.516671,36448.682000
R825:36448.187459,0.003025,36448.630159,36448.682023,36448.685049
R826:36448.249435,0.080119,36448.757690,36448.685061,36448.765181
R827:36448.429400,0.115393,36448.816016,36448.765199,36448.880593
R828:36448.444514,0.125602,36448.816016,36448.880612,36449.006215
R829:36448.584702,0.022569,36448.816016,36449.006238,36449.028808
R830:36448.630117,0.070068,36448.816016,36449.028823,36449.098892
R831:36448.757653,0.102256,36449.115673,36449.098909,36449.201166
R832:36448.769287,0.007346,36449.115673,36449.201183,36449.208530
R833:36448.806990,0.125571,36449.298551,36449.208543,36449.334115
R834:36448.815984,0.023440,36449.298551,36449.334138,36449.357578
R835:36449.115634,0.019404,36449.298551,36449.357592,36449.376997
R836:36449.286167,0.011997,36449.385417,36449.377014,36449.389012
R837:36449.298520,0.116986,36449.431732,36449.389024,36449.506011
R838:36449.377730,0.025534,36449.431732,36449.506032,36449.531566
R839:36449.385386,0.178257,36449.696340,36449.531583,36449.709841
R840:36449.412598,0.151289,36449.761088,36449.709859,36449.861148
R841:36449.431697,0.011143,36449.761088,36449.861169,36449.872313
R842:36449.696299,0.012092,36449.761088,36449.872326,36449.884419
R843:36449.761053,0.040519,36449.761088,36449.884432,36449.924952
R844:36450.029894,0.039508,36450.030946,36450.029946,36450.069455
R845:36450.030917,0.124776,36450.135256,36450.069483,36450.194260
R846:36450.127875,0.148822,36450.206371,36450.194280,36450.343103
R847:36450.135224,0.047225,36450.206371,36450.343145,36450.390371
R848:36450.206339,0.092034,36450.206371,36450.390388,36450.482423
R849:36450.622552,0.267751,36450.868233,36450.622599,36450.890352
R850:36450.653954,0.020400,36450.868233,36450.890398,36450.910799
R851:36450.657258,0.015175,36450.868233,36450.910815,36450.925991
R852:36450.676360,0.156602,36451.005958,36450.926006,36451.082609
R853:36450.716316,0.050300,36451.005958,36451.082656,36451.132957
R854:36450.718554,0.028441,36451.005958,36451.132991,36451.161433
R855:36450.736565,0.040731,36451.196599,36451.161481,36451.202213
R856:36450.780693,0.038198,36451.196599,36451.202233,36451.240432
R857:36450.800679,0.122117,36451.269639,36451.240459,36451.362578
R858:36450.868162,0.059098,36451.401036,36451.362650,36451.421749
R859:36450.934017,0.063796,36451.401036,36451.421774,36451.485572
R860:36450.959037,0.002578,36451.401036,36451.485602,36451.488181
R861:36450.961600,0.009480,36451.401036,36451.488195,36451.497676
R862:36451.005904,0.006470,36451.401036,36451.497694,36451.504165
R863:36451.196557,0.175134,36451.667153,36451.504178,36451.679313
R864:36451.269588,0.362055,36452.013912,36451.679349,36452.041405
R865:36451.400982,0.144789,36452.042788,36452.041493,36452.186283
R866:36451.572765,0.010381,36452.042788,36452.186364,36452.196746
R867:36451.594230,0.077553,36452.204177,36452.196769,36452.274324
R868:36451.600955,0.008541,36452.204177,36452.274385,36452.282926
R869:36451.604541,0.021115,36452.204177,36452.282942,36452.304058
R870:36451.622059,0.075561,36452.359788,36452.304126,36452.379688
R871:36451.667110,0.082856,36452.456821,36452.379716,36452.462573
R872:36451.760312,0.027674,36452.456821,36452.462589,36452.490264
R873:36451.769012,0.083977,36452.550610,36452.490278,36452.574255
R874:36451.826271,0.124985,36452.618593,36452.574278,36452.699264
R875:36452.013855,0.219138,36452.813336,36452.699287,36452.918426
R876:36452.042737,0.105405,36453.021876,36452.918448,36453.023854
R877:36452.196973,0.112564,36453.101012,36453.023877,36453.136442
R878:36452.204150,0.088612,36453.162516,36453.136459,36453.225072
R879:36452.359744,0.086742,36453.162516,36453.225089,36453.311832
R880:36452.456794,0.070483,36453.342684,36453.311854,36453.382338
R881:36452.550582,0.308117,36453.656220,36453.382356,36453.690474
R882:36452.618559,0.081028,36453.758009,36453.690519,36453.771548
R883:36452.732398,0.124516,36453.880005,36453.771566,36453.896083
R884:36452.813294,0.150259,36454.010558,36453.896104,36454.046363
R885:36452.937270,0.022944,36454.010558,36454.046385,36454.069330
R886:36452.946175,0.124561,36454.170700,36454.069345,36454.193908
R887:36453.006987,0.077499,36454.252652,36454.193926,36454.271427
R888:36453.007196,0.053818,36454.252652,36454.271445,36454.325263
R889:36453.021854,0.007993,36454.252652,36454.325278,36454.333272
R890:36453.058780,0.088717,36454.252652,36454.333285,36454.422003
R891:36453.095348,0.022372,36454.252652,36454.422023,36454.444396
R892:36453.100979,0.012488,36454.252652,36454.444409,36454.456898
R893:36453.154920,0.035938,36454.465172,36454.456912,36454.492850
R894:36453.162484,0.123510,36454.592547,36454.492865,36454.616375
R895:36453.331484,0.067567,36454.592547,36454.616396,36454.683963
R896:36453.342651,0.094668,36454.764700,36454.683983,36454.778651
R897:36453.391576,0.023073,36454.764700,36454.778667,36454.801741
R898:36453.462076,0.024249,36454.764700,36454.801755,36454.826005
R899:36453.506333,0.022399,36454.764700,36454.826020,36454.848419
R900:36453.516962,0.019632,36454.764700,36454.848434,36454.868066
R901:36453.532911,0.098858,36454.908927,36454.868082,36454.966941
R902:36453.594307,0.057703,36455.007325,36454.966978,36455.024682
R903:36453.601908,0.022465,36455.007325,36455.024698,36455.047164
R904:36453.645977,0.132933,36455.141685,36455.047187,36455.180121
R905:36453.656195,0.050853,36455.230744,36455.180142,36455.230995
R906:36453.692586,0.042917,36455.231015,36455.231013,36455.273931
R907:36453.757974,0.009249,36455.279884,36455.273946,36455.283196
R908:36453.879969,0.167547,36455.341507,36455.283211,36455.450760
R909:36453.954063,0.053476,36455.341507,36455.450780,36455.504257
R910:36454.010523,0.078236,36455.578405,36455.504274,36455.582511
R911:36454.113126,0.019888,36455.578405,36455.582533,36455.602423
R912:36454.128080,0.112820,36455.683801,36455.602441,36455.715262
R913:36454.170673,0.161070,36455.773383,36455.715280,36455.876350
R914:36454.227806,0.077773,36455.773383,36455.876369,36455.954143
R915:36454.237022,0.025787,36455.773383,36455.954167,36455.979954
R916:36454.252628,0.098749,36455.773383,36455.979971,36456.078721
R917:36454.458087,0.003025,36455.773383,36456.078743,36456.081769
R918:36454.465140,0.053844,36456.091441,36456.081784,36456.135628
R919:36454.496126,0.044229,36456.091441,36456.135645,36456.179874
R920:36454.524792,0.087165,36456.203628,36456.179890,36456.267056
R921:36454.563463,0.001178,36456.203628,36456.267077,36456.268256
R922:36454.564818,0.121045,36456.384511,36456.268289,36456.389335
R923:36454.581145,0.126338,36456.511148,36456.389355,36456.515693
R924:36454.592526,0.078795,36456.580380,36456.515710,36456.594505
R925:36454.693375,0.048714,36456.640002,36456.594526,36456.643241
R926:36454.730037,0.059442,36456.700014,36456.643257,36456.702699
R927:36454.764666,0.119342,36456.750757,36456.702721,36456.822064
R928:36454.871667,0.026388,36456.833263,36456.822081,36456.848469
R929:36454.908882,0.049876,36456.833263,36456.848484,36456.898361
R930:36455.006165,0.187426,36456.994074,36456.898380,36457.085807
R931:36455.007294,0.213102,36457.197730,36457.085833,36457.298936
R932:36455.141647,0.189033,36457.446396,36457.298959,36457.487993
R933:36455.230713,0.004434,36457.446396,36457.488012,36457.492446
R934:36455.230979,0.027087,36457.446396,36457.492461,36457.519549
R935:36455.279850,0.163062,36457.671466,36457.519564,36457.682627
R936:36455.336786,0.055927,36457.671466,36457.682652,36457.738580
R937:36455.341480,0.020760,36457.671466,36457.738598,36457.759358
R938:36455.532338,0.005409,36457.671466,36457.759374,36457.764784
R939:36455.569455,0.011731,36457.671466,36457.764798,36457.776530
R940:36455.578383,0.048737,36457.671466,36457.776565,36457.825303
R941:36455.683765,0.011251,36457.671466,36457.825319,36457.836571
R942:36455.765123,0.040607,36457.867052,36457.836592,36457.877200
R943:36455.773352,0.048175,36457.867052,36457.877216,36457.925392
R944:36456.091403,0.087819,36457.973076,36457.925410,36458.013230
R945:36456.200569,0.106789,36457.973076,36458.013249,36458.120039
R946:36456.203598,0.146428,36458.248125,36458.120060,36458.266489
R947:36456.283241,0.032359,36458.248125,36458.266508,36458.298868
R948:36456.384475,0.095427,36458.392134,36458.298884,36458.394312
R949:36456.511109,0.026254,36458.412132,36458.394328,36458.420583
R950:36456.553687,0.419212,36458.631543,36458.420598,36458.839811
R951:36456.560834,0.011490,36458.631543,36458.839843,36458.851334
R952:36456.580346,0.012402,36458.858044,36458.851350,36458.863753
R953:36456.639976,0.236140,36458.951808,36458.863769,36459.099910
R954:36456.679635,0.052229,36458.951808,36459.099934,36459.152164
R955:36456.699979,0.001274,36458.951808,36459.152181,36459.153456
R956:36456.710139,0.111488,36459.220236,36459.153470,36459.264959
R957:36456.714707,0.012452,36459.220236,36459.264979,36459.277431
R958:36456.728394,0.011828,36459.220236,36459.277447,36459.289276
R959:36456.750726,0.003517,36459.220236,36459.289312,36459.292829
R960:36456.833229,0.086350,36459.318166,36459.292845,36459.379195
R961:36456.994036,0.055759,36459.318166,36459.379214,36459.434974
R962:36457.129498,0.062335,36459.318166,36459.434990,36459.497326
R963:36457.197694,0.039262,36459.318166,36459.497344,36459.536606
R964:36457.413526,0.034071,36459.318166,36459.536622,36459.570694
R965:36457.446374,0.041497,36459.318166,36459.570721,36459.612219
R966:36457.551551,0.000634,36459.318166,36459.612237,36459.612872
R967:36457.587859,0.222077,36459.771205,36459.612887,36459.834965
R968:36457.657310,0.003251,36459.771205,36459.834988,36459.838240
R969:36457.671435,0.037113,36459.771205,36459.838254,36459.875368
R970:36457.867016,0.004673,36459.771205,36459.875385,36459.880058
R971:36457.930852,0.070469,36459.891671,36459.880072,36459.950541
R972:36457.973042,0.064516,36459.965768,36459.950557,36460.015073
R973:36458.124436,0.010696,36459.965768,36460.015092,36460.025789
R974:36458.248095,0.047255,36459.965768,36460.025803,36460.073059
R975:36458.357127,0.075411,36460.146620,36460.073079,36460.148490
R976:36458.373047,0.003383,36460.146620,36460.148506,36460.151890
R977:36458.392099,0.125993,36460.231749,36460.151902,36460.277896
R978:36458.412100,0.014489,36460.231749,36460.277915,36460.292404
R979:36458.488524,0.001712,36460.231749,36460.292419,36460.294132
R980:36458.513408,0.004451,36460.231749,36460.294145,36460.298596
R981:36458.578070,0.338601,36460.231749,36460.298629,36460.637230
R982:36458.626009,0.007801,36460.231749,36460.637295,36460.645097
R983:36458.631523,0.019471,36460.231749,36460.645119,36460.664591
R984:36458.858009,0.149194,36460.231749,36460.664608,36460.813803
R985:36458.870314,0.092092,36460.231749,36460.813820,36460.905913
R986:36458.951758,0.008980,36460.231749,36460.905931,36460.914911
R987:36459.183532,0.122548,36460.231749,36460.914926,36461.037475
R988:36459.220197,0.016921,36460.231749,36461.037532,36461.054454
R989:36459.318129,0.050151,36460.231749,36461.054483,36461.104636
R990:36459.641161,0.013945,36460.231749,36461.104717,36461.118664
R991:36459.735222,0.225196,36460.231749,36461.118693,36461.343889
R992:36459.751722,0.039870,36460.231749,36461.343912,36461.383783
R993:36459.771173,0.150332,36460.231749,36461.383798,36461.534131
R994:36459.891637,0.007678,36460.231749,36461.534149,36461.541828
R995:36459.965722,0.018378,36460.231749,36461.541841,36461.560220
R996:36460.146582,0.035087,36460.231749,36461.560235,36461.595322
R997:36460.160202,0.018951,36460.231749,36461.595345,36461.614297
R998:36460.179325,0.014273,36460.231749,36461.614312,36461.628586
R999:36460.231713,0.075476,36460.231749,36461.628600,36461.704076
