id,timestamp,length,recieved,completed
R0:50926.032212,0.050151,50926.032410,50926.082562
R1:50926.337870,0.160167,50926.337915,50926.498083
R2:50926.592617,0.022009,50926.592644,50926.614654
R3:50926.997040,0.146201,50926.997083,50927.143285
R4:50927.065112,0.080737,50927.143316,50927.224053
R5:50927.119364,0.099121,50927.224074,50927.323195
R6:50927.227535,0.072031,50927.323215,50927.395247
R7:50927.303184,0.247926,50927.395264,50927.643191
R8:50927.810094,0.126336,50927.810123,50927.936460
R9:50927.978417,0.093387,50927.978441,50928.071829
R10:50928.003890,0.027824,50928.071852,50928.099678
R11:50928.006644,0.163054,50928.099694,50928.262749
R12:50928.031258,0.051240,50928.262771,50928.314012
R13:50928.059675,0.011520,50928.314029,50928.325549
R14:50928.082860,0.024623,50928.325566,50928.350190
R15:50929.222039,0.182705,50929.222081,50929.404787
R16:50929.341965,0.035102,50929.404817,50929.439920
R17:50929.500050,0.074294,50929.500075,50929.574370
R18:50929.669213,0.360362,50929.669253,50930.029617
R19:50929.782634,0.147560,50930.029641,50930.177202
R20:50929.840325,0.146930,50930.177232,50930.324163
R21:50929.965026,0.222128,50930.324183,50930.546312
R22:50930.050243,0.043457,50930.546334,50930.589792
R23:50930.105781,0.251363,50930.589808,50930.841172
R24:50930.380602,0.298236,50930.841200,50931.139437
R25:50930.392671,0.008999,50931.139458,50931.148458
R26:50930.517110,0.108835,50931.148472,50931.257307
R27:50930.552702,0.042908,50931.257326,50931.300235
R28:50930.920949,0.002023,50931.300255,50931.302278
R29:50930.932025,0.006517,50931.302292,50931.308810
R30:50931.034029,0.352792,50931.308824,50931.661617
R31:50931.079410,0.190327,50931.661640,50931.851968
R32:50931.466912,0.077601,50931.851985,50931.929587
R33:50931.518624,0.142815,50931.929602,50932.072418
R34:50931.597028,0.110179,50932.072449,50932.182628
R35:50931.716800,0.004007,50932.182650,50932.186658
R36:50931.843227,0.268582,50932.186673,50932.455257
R37:50931.939179,0.127637,50932.455279,50932.582918
R38:50932.384343,0.134145,50932.582943,50932.717089
R39:50932.440113,0.043703,50932.717114,50932.760818
R40:50932.610397,0.018149,50932.760834,50932.778984
R41:50932.804465,0.212089,50932.804497,50933.016587
R42:50932.901160,0.040098,50933.016612,50933.056711
R43:50933.195722,0.223841,50933.195749,50933.419591
R44:50933.239078,0.116050,50933.419615,50933.535666
R45:50933.310983,0.088829,50933.535688,50933.624518
R46:50933.833378,0.195670,50933.833410,50934.029081
R47:50934.011883,0.257662,50934.029108,50934.286771
R48:50934.108406,0.168614,50934.286791,50934.455406
R49:50934.193127,0.241880,50934.455429,50934.697310
R50:50934.385263,0.024312,50934.697332,50934.721645
R51:50934.495070,0.252733,50934.721664,50934.974399
R52:50934.995225,0.212915,50934.995254,50935.208171
R53:50935.021873,0.056555,50935.208197,50935.264753
R54:50935.192664,0.032998,50935.264769,50935.297767
R55:50935.353768,0.036739,50935.353797,50935.390537
R56:50935.610752,0.025632,50935.611063,50935.636696
R57:50935.709511,0.032329,50935.709537,50935.741867
R58:50935.744142,0.053871,50935.744163,50935.798035
R59:50935.879647,0.237305,50935.879672,50936.116978
R60:50935.910642,0.013476,50936.117001,50936.130478
R61:50935.928805,0.142910,50936.130494,50936.273404
R62:50936.042831,0.273343,50936.273422,50936.546766
R63:50936.740063,0.048319,50936.740098,50936.788418
R64:50936.932326,0.045992,50936.932351,50936.978344
R65:50937.163239,0.026431,50937.163269,50937.189701
R66:50937.221324,0.028026,50937.221346,50937.249373
R67:50937.367713,0.131732,50937.367741,50937.499475
R68:50937.395288,0.157731,50937.499502,50937.657234
R69:50937.417648,0.136677,50937.657255,50937.793932
R70:50937.447537,0.299782,50937.793954,50938.093736
R71:50937.460459,0.073723,50938.093757,50938.167481
R72:50937.469465,0.027452,50938.167497,50938.194950
R73:50937.501785,0.131921,50938.195088,50938.327010
R74:50937.768215,0.342360,50938.327032,50938.669393
R75:50937.946362,0.142601,50938.669420,50938.812022
R76:50938.116404,0.014491,50938.812048,50938.826540
R77:50938.132785,0.008146,50938.826555,50938.834702
R78:50938.255201,0.022898,50938.834716,50938.857615
R79:50938.267296,0.171301,50938.857628,50939.028930
R80:50938.370451,0.140887,50939.028951,50939.169839
R81:50938.512425,0.017175,50939.169864,50939.187039
R82:50938.521330,0.022857,50939.187056,50939.209913
R83:50940.513796,0.013407,50940.513842,50940.527250
R84:50940.881633,0.005557,50940.881675,50940.887233
R85:50941.901462,0.007508,50941.901497,50941.909006
R86:50942.242216,0.256485,50942.242587,50942.499073
R87:50942.242931,0.019891,50942.499103,50942.518994
R88:50942.393137,0.049707,50942.519010,50942.568718
R89:50942.422837,0.171311,50942.568732,50942.740044
R90:50942.829879,0.080405,50942.829911,50942.910317
R91:50942.904045,0.060253,50942.910344,50942.970599
R92:50943.048417,0.010496,50943.048443,50943.058940
R93:50943.242235,0.141590,50943.242262,50943.383854
R94:50943.368379,0.485729,50943.383877,50943.869607
R95:50943.428868,0.210057,50943.869636,50944.079694
R96:50943.572271,0.099131,50944.079717,50944.178849
R97:50943.801884,0.137754,50944.178880,50944.316636
R98:50943.807921,0.259530,50944.316655,50944.576186
R99:50944.106487,0.177808,50944.576210,50944.754019
R100:50944.450798,0.136184,50944.754048,50944.890233
R101:50945.098174,0.411021,50945.098202,50945.509225
R102:50945.487665,0.068768,50945.509253,50945.578022
R103:50945.670895,0.177203,50945.670923,50945.848126
R104:50945.700761,0.008012,50945.848156,50945.856168
R105:50946.067071,0.028508,50946.067103,50946.095612
R106:50946.241928,0.026024,50946.241968,50946.267993
R107:50946.407426,0.038107,50946.407460,50946.445568
R108:50946.608459,0.026322,50946.608624,50946.634947
R109:50946.674919,0.100259,50946.674946,50946.775206
R110:50946.687780,0.105306,50946.775227,50946.880534
R111:50946.729990,0.355665,50946.880557,50947.236223
R112:50946.849133,0.078989,50947.236251,50947.315242
R113:50946.903914,0.012023,50947.315259,50947.327283
R114:50947.115657,0.089781,50947.327298,50947.417080
R115:50947.221957,0.059951,50947.417101,50947.477052
R116:50947.703325,0.188180,50947.703357,50947.891538
R117:50947.771682,0.000324,50947.891565,50947.891889
R118:50947.866709,0.091250,50947.891904,50947.983155
R119:50947.937234,0.026643,50947.983174,50948.009818
R120:50948.235787,0.065962,50948.235826,50948.301789
R121:50948.423373,0.036378,50948.423409,50948.459789
R122:50948.533004,0.020157,50948.533030,50948.553189
R123:50948.740538,0.004172,50948.740577,50948.744751
R124:50948.902624,0.119067,50948.902664,50949.021732
R125:50948.991712,0.101512,50949.021762,50949.123275
R126:50949.178507,0.020410,50949.178532,50949.198944
R127:50949.249585,0.098660,50949.249609,50949.348270
R128:50949.406153,0.039805,50949.406177,50949.445983
R129:50949.624844,0.022591,50949.624872,50949.647465
R130:50949.849659,0.115441,50949.849699,50949.965142
R131:50950.272551,0.029742,50950.272592,50950.302335
R132:50950.449042,0.009172,50950.449074,50950.458247
R133:50950.575767,0.209870,50950.575805,50950.785676
R134:50950.626082,0.009843,50950.785700,50950.795544
R135:50950.819227,0.044879,50950.819251,50950.864131
R136:50950.838906,0.089946,50950.864160,50950.954107
R137:50950.982198,0.034077,50950.982225,50951.016303
R138:50951.165263,0.034021,50951.165290,50951.199313
R139:50951.414459,0.021041,50951.414536,50951.435578
R140:50951.481136,0.000358,50951.481164,50951.481524
R141:50952.174175,0.040269,50952.174472,50952.214742
R142:50952.466985,0.057358,50952.467024,50952.524384
R143:50952.501757,0.251245,50952.524412,50952.775658
R144:50953.032667,0.120090,50953.033029,50953.153120
R145:50953.273961,0.115768,50953.273990,50953.389760
R146:50953.295507,0.148843,50953.389786,50953.538630
R147:50953.376228,0.248019,50953.538658,50953.786678
R148:50953.853849,0.022759,50953.853878,50953.876638
R149:50954.183853,0.079417,50954.183897,50954.263315
R150:50954.446915,0.235317,50954.446945,50954.682263
R151:50954.505737,0.207131,50954.682289,50954.889421
R152:50954.906419,0.085849,50954.906448,50954.992298
R153:50955.021349,0.032008,50955.021374,50955.053384
R154:50955.050976,0.067806,50955.053409,50955.121216
R155:50955.384220,0.189009,50955.384251,50955.573261
R156:50955.488077,0.034397,50955.573288,50955.607686
R157:50955.602288,0.115258,50955.607704,50955.722963
R158:50955.635467,0.014973,50955.722983,50955.737957
R159:50955.852199,0.067810,50955.852226,50955.920038
R160:50956.006233,0.128827,50956.006261,50956.135088
R161:50956.309750,0.025098,50956.309778,50956.334878
R162:50956.342480,0.012926,50956.342502,50956.355429
R163:50956.457530,0.044698,50956.457553,50956.502252
R164:50956.482341,0.268671,50956.502278,50956.770950
R165:50956.547815,0.097311,50956.770975,50956.868287
R166:50956.946371,0.170445,50956.946402,50957.116848
R167:50957.248553,0.040793,50957.248579,50957.289373
R168:50957.362792,0.107538,50957.362819,50957.470357
R169:50957.446380,0.029963,50957.470379,50957.500343
R170:50957.602855,0.007531,50957.602890,50957.610422
R171:50957.630212,0.104187,50957.630235,50957.734424
R172:50957.649248,0.034006,50957.734444,50957.768450
R173:50957.724583,0.009557,50957.768464,50957.778022
R174:50957.791691,0.272562,50957.791711,50958.064274
R175:50957.884612,0.030851,50958.064296,50958.095148
R176:50958.030640,0.143455,50958.095178,50958.238634
R177:50958.209846,0.017111,50958.238653,50958.255765
R178:50958.321248,0.098261,50958.321275,50958.419537
R179:50958.678917,0.023300,50958.678959,50958.702260
R180:50958.800476,0.055547,50958.800503,50958.856051
R181:50958.936404,0.050152,50958.936435,50958.986588
R182:50959.231690,0.039455,50959.231986,50959.271442
R183:50959.278399,0.101792,50959.278423,50959.380216
R184:50959.496246,0.041286,50959.496274,50959.537561
R185:50960.194500,0.014627,50960.194553,50960.209181
R186:50960.574276,0.000542,50960.574304,50960.574847
R187:50960.662457,0.148893,50960.662493,50960.811388
R188:50960.917334,0.012179,50960.917364,50960.929544
R189:50960.975299,0.127656,50960.975323,50961.102981
R190:50961.309724,0.059621,50961.309765,50961.369387
R191:50961.319131,0.123069,50961.369417,50961.492487
R192:50962.036253,0.064225,50962.036289,50962.100516
R193:50962.075750,0.009863,50962.100545,50962.110408
R194:50962.409736,0.048272,50962.409776,50962.458049
R195:50962.427236,0.107037,50962.458079,50962.565117
R196:50962.487117,0.014122,50962.565138,50962.579261
R197:50962.763129,0.005490,50962.763159,50962.768651
R198:50962.771962,0.151808,50962.771982,50962.923791
R199:50962.873971,0.058440,50962.923822,50962.982263
R200:50963.070304,0.089071,50963.070340,50963.159412
R201:50963.091476,0.075481,50963.159447,50963.234928
R202:50963.235535,0.044929,50963.235556,50963.280485
R203:50963.386217,0.219574,50963.386248,50963.605822
R204:50963.446708,0.018611,50963.605850,50963.624462
R205:50963.554620,0.074601,50963.624485,50963.699087
R206:50963.711456,0.090683,50963.711480,50963.802163
R207:50963.872266,0.177083,50963.872290,50964.049373
R208:50963.916636,0.010407,50964.049400,50964.059808
R209:50963.928767,0.018591,50964.059825,50964.078417
R210:50964.357693,0.025553,50964.357733,50964.383287
R211:50964.467263,0.034366,50964.467287,50964.501654
R212:50964.759467,0.210601,50964.759507,50964.970110
R213:50964.833139,0.168691,50964.970140,50965.138831
R214:50964.903484,0.003700,50965.138858,50965.142559
R215:50965.082884,0.150624,50965.142575,50965.293199
R216:50965.132517,0.180852,50965.293219,50965.474072
R217:50965.296431,0.024976,50965.474093,50965.499069
R218:50965.357846,0.094789,50965.499103,50965.593893
R219:50965.394641,0.112272,50965.593916,50965.706188
R220:50965.414027,0.127105,50965.706209,50965.833314
R221:50965.668117,0.051281,50965.833332,50965.884613
R222:50965.705400,0.056918,50965.884629,50965.941548
R223:50965.768632,0.048735,50965.941569,50965.990305
R224:50965.812423,0.016809,50965.990323,50966.007133
R225:50965.939287,0.001469,50966.007148,50966.008618
R226:50966.074401,0.048154,50966.074429,50966.122584
R227:50966.154157,0.133715,50966.154181,50966.287898
R228:50966.214910,0.104885,50966.287924,50966.392810
R229:50966.265211,0.252063,50966.392829,50966.644893
R230:50966.399172,0.165960,50966.644918,50966.810879
R231:50966.592249,0.037389,50966.810904,50966.848294
R232:50966.791743,0.000602,50966.848310,50966.848913
R233:50966.964789,0.185732,50966.964821,50967.150554
R234:50967.091699,0.102916,50967.150592,50967.253509
R235:50967.252302,0.051201,50967.253528,50967.304729
R236:50967.374131,0.126893,50967.374155,50967.501049
R237:50967.449090,0.113262,50967.501073,50967.614336
R238:50967.718933,0.003345,50967.718962,50967.722307
R239:50967.746605,0.115748,50967.746627,50967.862375
R240:50967.757565,0.096485,50967.862395,50967.958880
R241:50967.792210,0.083894,50967.958900,50968.042794
R242:50967.993055,0.000573,50968.042811,50968.043384
R243:50967.993266,0.030323,50968.043397,50968.073721
R244:50968.053976,0.194880,50968.073735,50968.268615
R245:50968.231538,0.041757,50968.268645,50968.310403
R246:50968.264867,0.211204,50968.310420,50968.521625
R247:50968.448324,0.037576,50968.521646,50968.559223
R248:50968.624893,0.020612,50968.624923,50968.645536
R249:50968.985404,0.070009,50968.985449,50969.055459
R250:50969.013919,0.112594,50969.055486,50969.168081
R251:50969.308242,0.021209,50969.308268,50969.329478
R252:50969.699123,0.122440,50969.699424,50969.821866
R253:50969.782770,0.079274,50969.821894,50969.901169
R254:50970.121450,0.269540,50970.121651,50970.391192
R255:50970.345320,0.261150,50970.391220,50970.652371
R256:50970.389585,0.270935,50970.652393,50970.923329
R257:50970.523221,0.080423,50970.923349,50971.003774
R258:50970.636910,0.160767,50971.003796,50971.164563
R259:50971.103432,0.090263,50971.164581,50971.254844
R260:50971.383917,0.536018,50971.383955,50971.919974
R261:50971.562372,0.039236,50971.920002,50971.959239
R262:50972.020149,0.088954,50972.020181,50972.109137
R263:50972.365827,0.142430,50972.366147,50972.508578
R264:50972.535095,0.158431,50972.535119,50972.693551
R265:50972.784033,0.092730,50972.784063,50972.876794
R266:50972.834865,0.018267,50972.876823,50972.895091
R267:50972.940875,0.200311,50972.940899,50973.141212
R268:50973.205415,0.109188,50973.205444,50973.314633
R269:50973.549394,0.094670,50973.549425,50973.644096
R270:50973.638054,0.103733,50973.644123,50973.747857
R271:50973.789502,0.016057,50973.789525,50973.805583
R272:50973.918418,0.003352,50973.918446,50973.921799
R273:50974.062634,0.073012,50974.062673,50974.135687
R274:50974.263823,0.072371,50974.263850,50974.336222
R275:50974.561746,0.067297,50974.562110,50974.629409
R276:50974.581683,0.004972,50974.629440,50974.634412
R277:50974.700709,0.048558,50974.700736,50974.749295
R278:50974.981380,0.060170,50974.981419,50975.041590
R279:50975.150593,0.053286,50975.150621,50975.203908
R280:50975.176523,0.052217,50975.203935,50975.256153
R281:50975.223827,0.126442,50975.256169,50975.382611
R282:50975.226776,0.167636,50975.382633,50975.550270
R283:50975.368900,0.059193,50975.550286,50975.609480
R284:50975.514571,0.533184,50975.609498,50976.142683
R285:50975.622732,0.007716,50976.142708,50976.150426
R286:50975.632838,0.090951,50976.150442,50976.241394
R287:50975.803484,0.024819,50976.241409,50976.266229
R288:50975.845469,0.257063,50976.266244,50976.523308
R289:50976.011304,0.062148,50976.523330,50976.585479
R290:50976.234526,0.190104,50976.585493,50976.775598
R291:50976.330755,0.297418,50976.775620,50977.073039
R292:50976.839178,0.145678,50977.073070,50977.218748
R293:50977.221451,0.076947,50977.221476,50977.298425
R294:50977.289109,0.064923,50977.298444,50977.363367
R295:50977.330351,0.062768,50977.363386,50977.426154
R296:50977.829056,0.341967,50977.829086,50978.171055
R297:50978.188561,0.061256,50978.188590,50978.249848
R298:50978.222425,0.145435,50978.249877,50978.395313
R299:50978.474963,0.029785,50978.474990,50978.504776
R300:50978.866913,0.331057,50978.867279,50979.198338
R301:50979.105910,0.051480,50979.198365,50979.249846
R302:50979.173137,0.080844,50979.249866,50979.330710
R303:50979.310281,0.021199,50979.330729,50979.351929
R304:50979.472521,0.044645,50979.472551,50979.517197
R305:50979.580878,0.248318,50979.580900,50979.829220
R306:50979.757723,0.093278,50979.829248,50979.922528
R307:50979.797180,0.011628,50979.922548,50979.934177
R308:50980.131477,0.022190,50980.131951,50980.154142
R309:50980.209449,0.089819,50980.209471,50980.299290
R310:50980.382785,0.090718,50980.382813,50980.473532
R311:50980.570925,0.082296,50980.570948,50980.653245
R312:50980.581051,0.027790,50980.653270,50980.681061
R313:50980.719271,0.042135,50980.719297,50980.761434
R314:50980.722473,0.257298,50980.761457,50981.018756
R315:50980.724005,0.147266,50981.018777,50981.166044
R316:50980.877329,0.270714,50981.166072,50981.436787
R317:50981.241032,0.059417,50981.436810,50981.496228
R318:50981.272723,0.158587,50981.496248,50981.654837
R319:50981.384217,0.337207,50981.654859,50981.992068
R320:50981.554051,0.034657,50981.992092,50982.026750
R321:50981.582204,0.045575,50982.026766,50982.072342
R322:50981.938685,0.137689,50982.072364,50982.210053
R323:50982.321523,0.031881,50982.321551,50982.353433
R324:50982.429192,0.013048,50982.429215,50982.442265
R325:50982.917660,0.097603,50982.917987,50983.015591
R326:50983.252271,0.258415,50983.252301,50983.510717
R327:50983.463658,0.033168,50983.510744,50983.543913
R328:50983.497578,0.022687,50983.543930,50983.566618
R329:50983.528079,0.019387,50983.566635,50983.586023
R330:50983.692066,0.025819,50983.692100,50983.717921
R331:50983.714657,0.001396,50983.717948,50983.719345
R332:50984.204012,0.012782,50984.204379,50984.217162
R333:50984.233258,0.104567,50984.233281,50984.337850
R334:50984.336543,0.010631,50984.337870,50984.348502
R335:50984.747845,0.007317,50984.747878,50984.755197
R336:50984.906622,0.068603,50984.906760,50984.975365
R337:50984.990052,0.034698,50984.990077,50985.024776
R338:50985.085693,0.243487,50985.085721,50985.329209
R339:50985.132348,0.021160,50985.329237,50985.350398
R340:50985.271544,0.056536,50985.350414,50985.406951
R341:50985.277451,0.139992,50985.406968,50985.546960
R342:50985.557712,0.619967,50985.557736,50986.177704
R343:50985.631173,0.074139,50986.177737,50986.251877
R344:50985.637242,0.108409,50986.251893,50986.360304
R345:50985.674644,0.039693,50986.360330,50986.400024
R346:50985.875204,0.104047,50986.400039,50986.504087
R347:50986.242110,0.005147,50986.504103,50986.509251
R348:50986.311761,0.162623,50986.509265,50986.671888
R349:50986.554359,0.114546,50986.671910,50986.786457
R350:50986.754326,0.037533,50986.786479,50986.824013
R351:50987.145241,0.035373,50987.145272,50987.180646
R352:50987.377971,0.020957,50987.377996,50987.398953
R353:50987.654225,0.005492,50987.654254,50987.659747
R354:50987.803297,0.017111,50987.803327,50987.820439
R355:50987.821146,0.014638,50987.821164,50987.835803
R356:50987.867813,0.005981,50987.867833,50987.873815
R357:50988.016070,0.290958,50988.016166,50988.307126
R358:50988.383293,0.259320,50988.383320,50988.642641
R359:50988.392918,0.029702,50988.642666,50988.672368
R360:50988.498448,0.018493,50988.672383,50988.690877
R361:50988.645853,0.064694,50988.690893,50988.755588
R362:50988.792290,0.260460,50988.792314,50989.052775
R363:50989.074034,0.087287,50989.074059,50989.161347
R364:50989.198661,0.025520,50989.198685,50989.224205
R365:50989.416528,0.100399,50989.416555,50989.516955
R366:50989.467673,0.001679,50989.516981,50989.518660
R367:50989.596449,0.042701,50989.596473,50989.639176
R368:50990.043328,0.073946,50990.043367,50990.117314
R369:50990.081734,0.036697,50990.117343,50990.154041
R370:50990.167161,0.103601,50990.167195,50990.270798
R371:50990.357034,0.031337,50990.357060,50990.388398
R372:50990.454683,0.040480,50990.454709,50990.495191
R373:50990.657141,0.142382,50990.657170,50990.799554
R374:50990.697404,0.115067,50990.799582,50990.914649
R375:50990.747179,0.186512,50990.914671,50991.101185
R376:50990.749915,0.091820,50991.101211,50991.193032
R377:50991.068820,0.110250,50991.193054,50991.303305
R378:50991.133480,0.188388,50991.303320,50991.491708
R379:50991.258216,0.029602,50991.491728,50991.521331
R380:50991.306224,0.072233,50991.521350,50991.593584
R381:50991.318920,0.094523,50991.593599,50991.688123
R382:50991.686531,0.172222,50991.688145,50991.860368
R383:50991.812756,0.133464,50991.860390,50991.993854
R384:50992.344968,0.044620,50992.345319,50992.389940
R385:50992.415244,0.002415,50992.415267,50992.417684
R386:50992.422745,0.066798,50992.422764,50992.489562
R387:50992.423605,0.123190,50992.489578,50992.612769
R388:50992.481379,0.070808,50992.612789,50992.683598
R389:50992.767330,0.008149,50992.767362,50992.775513
R390:50992.872373,0.066097,50992.872396,50992.938494
R391:50992.907711,0.004436,50992.938515,50992.942952
R392:50993.335878,0.028085,50993.335914,50993.364000
R393:50993.350597,0.094480,50993.364029,50993.458510
R394:50993.557704,0.325879,50993.557729,50993.883609
R395:50993.573962,0.018163,50993.883637,50993.901801
R396:50993.910799,0.141585,50993.910825,50994.052412
R397:50994.018515,0.000700,50994.052435,50994.053136
R398:50994.269009,0.133356,50994.269047,50994.402404
R399:50994.413061,0.255841,50994.413084,50994.668925
R400:50994.639996,0.154948,50994.668953,50994.823903
R401:50994.656911,0.010701,50994.823926,50994.834628
R402:50995.144735,0.027354,50995.144765,50995.172120
R403:50995.198330,0.009987,50995.198353,50995.208341
R404:50995.474909,0.032464,50995.474937,50995.507402
R405:50995.703809,0.277602,50995.703837,50995.981440
R406:50995.735555,0.010168,50995.981469,50995.991637
R407:50995.974023,0.186609,50995.991654,50996.178264
R408:50996.635552,0.117916,50996.635593,50996.753510
R409:50996.705215,0.056986,50996.753540,50996.810527
R410:50996.806856,0.039154,50996.810555,50996.849710
R411:50996.983775,0.013923,50996.983802,50996.997727
R412:50997.136712,0.047481,50997.136739,50997.184221
R413:50997.150857,0.107845,50997.184249,50997.292095
R414:50997.175419,0.212597,50997.292114,50997.504712
R415:50997.195693,0.023682,50997.504736,50997.528419
R416:50997.341266,0.075265,50997.528436,50997.603702
R417:50997.525217,0.286861,50997.603720,50997.890582
R418:50997.587641,0.013021,50997.890608,50997.903630
R419:50997.831307,0.072347,50997.903646,50997.975994
R420:50997.837831,0.023771,50997.976014,50997.999786
R421:50997.922787,0.017455,50997.999803,50998.017258
R422:50998.023246,0.056873,50998.023266,50998.080141
R423:50998.084683,0.104921,50998.084704,50998.189627
R424:50998.085606,0.061980,50998.189656,50998.251637
R425:50998.108107,0.151527,50998.251658,50998.403186
R426:50998.122779,0.115416,50998.403204,50998.518621
R427:50998.379704,0.201889,50998.518648,50998.720538
R428:50998.781467,0.004833,50998.781503,50998.786338
R429:50998.792277,0.019496,50998.792298,50998.811795
R430:50998.917095,0.011600,50998.917120,50998.928721
R431:50999.355317,0.090681,50999.355349,50999.446031
R432:50999.437181,0.120511,50999.446055,50999.566566
R433:50999.606739,0.052191,50999.606762,50999.658955
R434:50999.735965,0.086199,50999.735990,50999.822190
R435:51000.024045,0.025068,51000.024074,51000.049143
R436:51000.448285,0.046873,51000.448475,51000.495349
R437:51000.707816,0.010258,51000.707853,51000.718113
R438:51000.788015,0.048992,51000.788040,51000.837033
R439:51001.063041,0.272085,51001.063070,51001.335156
R440:51001.292307,0.178059,51001.335183,51001.513243
R441:51001.607706,0.100842,51001.607743,51001.708586
R442:51001.816607,0.097992,51001.816639,51001.914631
R443:51001.937621,0.086468,51001.937643,51002.024112
R444:51002.053964,0.002992,51002.054317,51002.057310
R445:51002.239692,0.091556,51002.239731,51002.331288
R446:51002.474772,0.015542,51002.474800,51002.490343
R447:51002.499734,0.150242,51002.499757,51002.650000
R448:51002.536089,0.132920,51002.650021,51002.782942
R449:51002.846054,0.109873,51002.846086,51002.955960
R450:51002.879970,0.011158,51002.955987,51002.967145
R451:51002.942553,0.010785,51002.967160,51002.977945
R452:51003.308091,0.031515,51003.308122,51003.339638
R453:51003.417028,0.033931,51003.417054,51003.450986
R454:51003.454180,0.293748,51003.454199,51003.747948
R455:51003.632846,0.070707,51003.747973,51003.818681
R456:51003.674689,0.275434,51003.818702,51004.094137
R457:51003.925899,0.034899,51004.094160,51004.129060
R458:51003.951467,0.103429,51004.129076,51004.232505
R459:51004.088696,0.026507,51004.232522,51004.259030
R460:51004.433186,0.099252,51004.433216,51004.532470
R461:51004.620015,0.167663,51004.620041,51004.787705
R462:51004.917883,0.002887,51004.917914,51004.920801
R463:51005.165259,0.096124,51005.165285,51005.261410
R464:51005.314042,0.148914,51005.314064,51005.462979
R465:51005.554545,0.007986,51005.554570,51005.562557
R466:51005.610308,0.018961,51005.610330,51005.629292
R467:51005.963713,0.044595,51005.963745,51006.008342
R468:51005.996604,0.047596,51006.008370,51006.055967
R469:51006.094164,0.010612,51006.094195,51006.104808
R470:51006.267981,0.203592,51006.268247,51006.471840
R471:51006.333683,0.011001,51006.471870,51006.482872
R472:51006.489619,0.138517,51006.489643,51006.628161
R473:51006.762772,0.045696,51006.762803,51006.808500
R474:51006.847592,0.031771,51006.847619,51006.879392
R475:51006.931156,0.007067,51006.931180,51006.938248
R476:51007.083739,0.056598,51007.083767,51007.140366
R477:51007.470124,0.112347,51007.470160,51007.582508
R478:51007.825246,0.063798,51007.825276,51007.889074
R479:51007.928169,0.025414,51007.928194,51007.953609
R480:51007.985838,0.085972,51007.985863,51008.071836
R481:51008.032932,0.013477,51008.071858,51008.085335
R482:51008.092670,0.065423,51008.092702,51008.158125
R483:51008.323362,0.021379,51008.323392,51008.344772
R484:51008.434258,0.014316,51008.434283,51008.448601
R485:51008.760615,0.020405,51008.760662,51008.781068
R486:51008.818460,0.231033,51008.818484,51009.049519
R487:51008.818948,0.165348,51009.049543,51009.214892
R488:51008.875751,0.116324,51009.214911,51009.331235
R489:51009.050973,0.004576,51009.331251,51009.335828
R490:51009.083139,0.149191,51009.335843,51009.485035
R491:51009.618465,0.197519,51009.618490,51009.816010
R492:51009.638460,0.514920,51009.816037,51010.330958
R493:51009.677185,0.110234,51010.330987,51010.441222
R494:51009.805218,0.176344,51010.441243,51010.617588
R495:51009.909742,0.124447,51010.617605,51010.742053
R496:51010.281198,0.021504,51010.742072,51010.763578
R497:51010.367826,0.016808,51010.763592,51010.780401
R498:51010.671188,0.039134,51010.780416,51010.819551
R499:51010.857842,0.076039,51010.857873,51010.933913
R500:51010.928944,0.102267,51010.933940,51011.036209
R501:51011.030808,0.061631,51011.036228,51011.097860
R502:51011.241265,0.000586,51011.241291,51011.241878
R503:51011.371116,0.021274,51011.371145,51011.392419
R504:51011.423285,0.058716,51011.423308,51011.482025
R505:51011.620319,0.105868,51011.620345,51011.726214
R506:51011.665280,0.042974,51011.726236,51011.769211
R507:51011.706524,0.055584,51011.769228,51011.824813
R508:51011.826925,0.005178,51011.826945,51011.832125
R509:51011.897085,0.165734,51011.897116,51012.062851
R510:51011.913620,0.431577,51012.062880,51012.494457
R511:51012.265646,0.033447,51012.494502,51012.527950
R512:51012.388433,0.044511,51012.527968,51012.572480
R513:51012.421553,0.192267,51012.572494,51012.764763
R514:51012.517903,0.154265,51012.764782,51012.919048
R515:51012.709454,0.015122,51012.919073,51012.934195
R516:51012.790852,0.010913,51012.934211,51012.945125
R517:51012.883552,0.343251,51012.945138,51013.288390
R518:51013.036458,0.203324,51013.288413,51013.491738
R519:51013.055759,0.162254,51013.491754,51013.654009
R520:51013.084699,0.050366,51013.654030,51013.704396
R521:51013.147331,0.076002,51013.704411,51013.780414
R522:51013.248719,0.350796,51013.780429,51014.131226
R523:51013.476490,0.009269,51014.131250,51014.140520
R524:51014.007874,0.005453,51014.140534,51014.145988
R525:51014.011353,0.229781,51014.146002,51014.375784
R526:51014.391642,0.054325,51014.391666,51014.445992
R527:51014.398418,0.024827,51014.446021,51014.470849
R528:51014.432282,0.097496,51014.470865,51014.568362
R529:51014.683437,0.061895,51014.683464,51014.745360
R530:51014.696202,0.061607,51014.745385,51014.806993
R531:51014.783867,0.180504,51014.807010,51014.987514
R532:51014.937362,0.022594,51014.987537,51015.010132
R533:51015.075477,0.111645,51015.075503,51015.187149
R534:51015.346445,0.328478,51015.346474,51015.674953
R535:51015.358795,0.048533,51015.674979,51015.723514
R536:51015.466253,0.267154,51015.723535,51015.990689
R537:51015.540189,0.010897,51015.990712,51016.001610
R538:51015.954725,0.208429,51016.001625,51016.210055
R539:51016.340012,0.254344,51016.340040,51016.594386
R540:51016.375517,0.009393,51016.594411,51016.603805
R541:51016.815623,0.345443,51016.815653,51017.161098
R542:51017.102304,0.000474,51017.161125,51017.161599
R543:51017.220820,0.033854,51017.220844,51017.254699
R544:51017.255597,0.030366,51017.255615,51017.285981
R545:51017.420207,0.003718,51017.420235,51017.423954
R546:51017.650396,0.043156,51017.650488,51017.693645
R547:51017.863665,0.033568,51017.863692,51017.897262
R548:51018.206343,0.112472,51018.206386,51018.318859
R549:51018.340469,0.097832,51018.340494,51018.438328
R550:51018.867684,0.056717,51018.867998,51018.924716
R551:51019.036967,0.553190,51019.036995,51019.590186
R552:51019.038421,0.259588,51019.590215,51019.849804
R553:51019.113789,0.030737,51019.849829,51019.880567
R554:51019.131231,0.034398,51019.880583,51019.914981
R555:51019.400341,0.130823,51019.915003,51020.045826
R556:51019.434666,0.000698,51020.045853,51020.046552
R557:51019.514544,0.220284,51020.046568,51020.266852
R558:51019.714168,0.217458,51020.266874,51020.484333
R559:51019.716144,0.101943,51020.484356,51020.586300
R560:51019.748563,0.259533,51020.586317,51020.845851
R561:51019.775318,0.204063,51020.845876,51021.049939
R562:51019.963009,0.079346,51021.049965,51021.129312
R563:51020.016829,0.176388,51021.129340,51021.305729
R564:51020.044954,0.011981,51021.305752,51021.317734
R565:51020.087017,0.197173,51021.317750,51021.514924
R566:51020.187489,0.061850,51021.514947,51021.576798
R567:51020.319041,0.240254,51021.576816,51021.817070
R568:51020.643011,0.312609,51021.817093,51022.129703
R569:51020.724508,0.020788,51022.129727,51022.150516
R570:51020.756412,0.044654,51022.150532,51022.195188
R571:51020.803746,0.098854,51022.195204,51022.294059
R572:51021.219375,0.095579,51022.294075,51022.389655
R573:51021.295644,0.047610,51022.389675,51022.437286
R574:51021.417084,0.118447,51022.437302,51022.555749
R575:51021.533238,0.105001,51022.555778,51022.660780
R576:51021.536279,0.118316,51022.660800,51022.779117
R577:51021.697323,0.225717,51022.779137,51023.004855
R578:51021.819714,0.112492,51023.004878,51023.117371
R579:51021.865778,0.062435,51023.117387,51023.179824
R580:51022.080336,0.019438,51023.179842,51023.199280
R581:51022.339063,0.040649,51023.199295,51023.239945
R582:51022.404634,0.020090,51023.239960,51023.260050
R583:51022.573958,0.002488,51023.260066,51023.262555
R584:51022.620488,0.054071,51023.262588,51023.316660
R585:51022.645276,0.048659,51023.316676,51023.365336
R586:51022.685057,0.013888,51023.365356,51023.379244
R587:51022.935824,0.015659,51023.379260,51023.394920
R588:51022.938052,0.075620,51023.394934,51023.470554
R589:51023.165917,0.028368,51023.470568,51023.498937
R590:51023.289575,0.078033,51023.498949,51023.576983
R591:51023.331999,0.185862,51023.576997,51023.762860
R592:51023.710944,0.053987,51023.762882,51023.816869
R593:51023.755710,0.064789,51023.816884,51023.881674
R594:51023.979897,0.062258,51023.979928,51024.042187
R595:51023.996093,0.212632,51024.042214,51024.254847
R596:51024.468500,0.030982,51024.468533,51024.499516
R597:51024.638844,0.032574,51024.638885,51024.671460
R598:51024.679157,0.061298,51024.679191,51024.740491
R599:51024.778335,0.088319,51024.778363,51024.866683
R600:51024.838415,0.072329,51024.866705,51024.939035
R601:51025.186254,0.106062,51025.186282,51025.292346
R602:51025.781120,0.419835,51025.781222,51026.201058
R603:51025.953520,0.049375,51026.201091,51026.250467
R604:51026.220704,0.038927,51026.250486,51026.289414
R605:51026.341512,0.134775,51026.341543,51026.476319
R606:51026.510268,0.076295,51026.510295,51026.586591
R607:51026.843040,0.010495,51026.843079,51026.853575
R608:51026.989354,0.039120,51026.989385,51027.028506
R609:51027.491642,0.004435,51027.491727,51027.496164
R610:51027.634862,0.072924,51027.634958,51027.707883
R611:51027.892788,0.055739,51027.893157,51027.948897
R612:51028.322539,0.014948,51028.322580,51028.337529
R613:51028.578084,0.026470,51028.578433,51028.604904
R614:51028.781736,0.000791,51028.782064,51028.782857
R615:51028.933274,0.064064,51028.933690,51028.997756
R616:51029.218264,0.156504,51029.218294,51029.374798
R617:51029.341566,0.018301,51029.374826,51029.393128
R618:51029.364183,0.259710,51029.393151,51029.652862
R619:51029.613476,0.034451,51029.652882,51029.687333
R620:51029.749157,0.021513,51029.749182,51029.770696
R621:51029.796670,0.011896,51029.796702,51029.808599
R622:51029.802037,0.095684,51029.808618,51029.904302
R623:51030.018602,0.113370,51030.018642,51030.132014
R624:51030.058288,0.155242,51030.132043,51030.287286
R625:51030.526235,0.129772,51030.526277,51030.656050
R626:51030.739335,0.103745,51030.739362,51030.843108
R627:51030.800230,0.009445,51030.843132,51030.852578
R628:51030.828148,0.196213,51030.852592,51031.048806
R629:51031.083954,0.048062,51031.083982,51031.132046
R630:51031.148916,0.015291,51031.148937,51031.164229
R631:51031.485571,0.049438,51031.485670,51031.535109
R632:51031.807022,0.398746,51031.807054,51032.205801
R633:51032.256852,0.123311,51032.256882,51032.380195
R634:51032.392682,0.012126,51032.392707,51032.404834
R635:51032.788495,0.016833,51032.788752,51032.805587
R636:51032.788521,0.003217,51032.805616,51032.808833
R637:51032.849838,0.003567,51032.849861,51032.853428
R638:51032.901641,0.065175,51032.901663,51032.966840
R639:51033.075464,0.088478,51033.075491,51033.163971
R640:51033.283645,0.057047,51033.283672,51033.340720
R641:51033.335463,0.085126,51033.340744,51033.425871
R642:51033.398305,0.063146,51033.425889,51033.489036
R643:51033.412286,0.200154,51033.489054,51033.689208
R644:51033.593702,0.426487,51033.689231,51034.115719
R645:51033.659875,0.021685,51034.115751,51034.137436
R646:51033.707057,0.010661,51034.137453,51034.148115
R647:51033.729852,0.006236,51034.148130,51034.154367
R648:51033.876444,0.015349,51034.154381,51034.169731
R649:51033.890826,0.456032,51034.169746,51034.625779
R650:51034.135120,0.146586,51034.625804,51034.772391
R651:51034.184535,0.083069,51034.772408,51034.855478
R652:51034.210555,0.053027,51034.855493,51034.908521
R653:51034.479456,0.059479,51034.908540,51034.968020
R654:51034.631898,0.037468,51034.968035,51035.005504
R655:51035.000433,0.017145,51035.005520,51035.022666
R656:51035.006478,0.043011,51035.022687,51035.065699
R657:51035.235706,0.175802,51035.235733,51035.411537
R658:51035.454365,0.050076,51035.454394,51035.504471
R659:51035.738112,0.015709,51035.738138,51035.753848
R660:51035.934669,0.279628,51035.934694,51036.214323
R661:51036.014323,0.070850,51036.214352,51036.285203
R662:51036.083674,0.259452,51036.285221,51036.544674
R663:51036.090513,0.013087,51036.544699,51036.557786
R664:51036.230444,0.041121,51036.557802,51036.598924
R665:51036.242127,0.039170,51036.598939,51036.638110
R666:51036.261979,0.029662,51036.638130,51036.667792
R667:51036.280719,0.237566,51036.667808,51036.905374
R668:51036.646127,0.066873,51036.905391,51036.972265
R669:51036.830030,0.081791,51036.972284,51037.054075
R670:51036.903226,0.049575,51037.054097,51037.103673
R671:51037.171589,0.079266,51037.171618,51037.250885
R672:51037.381527,0.059217,51037.381555,51037.440773
R673:51037.606347,0.081689,51037.606374,51037.688065
R674:51037.684692,0.006985,51037.688090,51037.695076
R675:51037.990978,0.024933,51037.991007,51038.015941
R676:51038.193655,0.004488,51038.193693,51038.198182
R677:51038.194749,0.004763,51038.198210,51038.202974
R678:51038.411935,0.035151,51038.412330,51038.447482
R679:51038.992046,0.003751,51038.992092,51038.995845
R680:51039.022959,0.033043,51039.023466,51039.056509
R681:51039.190277,0.134628,51039.190308,51039.324938
R682:51039.264915,0.028670,51039.324967,51039.353637
R683:51039.393648,0.023102,51039.393671,51039.416775
R684:51039.567135,0.000221,51039.567161,51039.567384
R685:51039.789690,0.077009,51039.789716,51039.866726
R686:51040.031016,0.065609,51040.031042,51040.096652
R687:51040.114266,0.014335,51040.114292,51040.128628
R688:51040.128978,0.061501,51040.128997,51040.190499
R689:51040.567508,0.146449,51040.567860,51040.714310
R690:51040.763665,0.050305,51040.763694,51040.814000
R691:51040.888399,0.076197,51040.888426,51040.964624
R692:51041.647542,0.126506,51041.647643,51041.774151
R693:51041.743979,0.052495,51041.774183,51041.826679
R694:51041.888486,0.138207,51041.888510,51042.026718
R695:51041.890879,0.104319,51042.026747,51042.131067
R696:51041.989095,0.164066,51042.131093,51042.295160
R697:51041.994251,0.084021,51042.295181,51042.379203
R698:51042.075957,0.003491,51042.379223,51042.382715
R699:51042.085475,0.157172,51042.382729,51042.539902
R700:51042.333847,0.077562,51042.539922,51042.617485
R701:51042.340065,0.056144,51042.617502,51042.673647
R702:51042.406660,0.053398,51042.673665,51042.727064
R703:51042.410173,0.297022,51042.727079,51043.024102
R704:51042.548219,0.029425,51043.024127,51043.053552
R705:51042.892292,0.051070,51043.053568,51043.104639
R706:51043.103003,0.122757,51043.104678,51043.227435
R707:51043.278105,0.009368,51043.278131,51043.287500
R708:51043.729074,0.071937,51043.729118,51043.801056
R709:51043.821264,0.057790,51043.821286,51043.879077
R710:51043.936088,0.286613,51043.936115,51044.222729
R711:51043.986716,0.034560,51044.222759,51044.257321
R712:51044.001829,0.064257,51044.257347,51044.321606
R713:51044.232391,0.163291,51044.321624,51044.484916
R714:51044.560794,0.100853,51044.560822,51044.661677
R715:51044.679151,0.078721,51044.679175,51044.757897
R716:51044.830616,0.260767,51044.830641,51045.091409
R717:51044.862661,0.021758,51045.091438,51045.113197
R718:51045.474185,0.077145,51045.474216,51045.551363
R719:51045.543467,0.023968,51045.551390,51045.575359
R720:51045.569446,0.197875,51045.575377,51045.773254
R721:51045.831617,0.058481,51045.831644,51045.890127
R722:51045.989877,0.079015,51045.990192,51046.069208
R723:51046.130074,0.504023,51046.130115,51046.634139
R724:51046.256723,0.003053,51046.634170,51046.637223
R725:51046.266905,0.038720,51046.637240,51046.675961
R726:51046.361324,0.073199,51046.675977,51046.749176
R727:51046.964242,0.128149,51046.964273,51047.092423
R728:51047.122595,0.064215,51047.122620,51047.186836
R729:51047.952239,0.069611,51047.952275,51048.021887
R730:51048.077046,0.013235,51048.077080,51048.090317
R731:51048.096315,0.033396,51048.096335,51048.129732
R732:51048.104241,0.002108,51048.129755,51048.131865
R733:51048.112849,0.049477,51048.131885,51048.181363
R734:51048.221679,0.097737,51048.221702,51048.319440
R735:51048.357966,0.043246,51048.357990,51048.401237
R736:51048.512126,0.024393,51048.512150,51048.536544
R737:51048.622890,0.005574,51048.622929,51048.628504
R738:51048.886124,0.039467,51048.886568,51048.926036
R739:51049.125866,0.172508,51049.125898,51049.298407
R740:51049.134040,0.065430,51049.298434,51049.363865
R741:51049.207442,0.039945,51049.363888,51049.403833
R742:51049.233157,0.141117,51049.403850,51049.544968
R743:51050.430464,0.487325,51050.430507,51050.917834
R744:51050.439331,0.086442,51050.917864,51051.004306
R745:51050.482903,0.041411,51051.004324,51051.045736
R746:51050.596399,0.077696,51051.045751,51051.123447
R747:51050.798569,0.139810,51051.123474,51051.263285
R748:51050.961168,0.010808,51051.263306,51051.274115
R749:51051.098416,0.012736,51051.274130,51051.286867
R750:51051.124195,0.137293,51051.286882,51051.424176
R751:51051.340069,0.023776,51051.424196,51051.447973
R752:51051.446114,0.030728,51051.447988,51051.478716
R753:51051.996019,0.129379,51051.996052,51052.125432
R754:51052.047539,0.037624,51052.125459,51052.163083
R755:51052.196417,0.293391,51052.196442,51052.489834
R756:51052.328636,0.117280,51052.489860,51052.607142
R757:51052.591775,0.157501,51052.607162,51052.764664
R758:51052.645652,0.039721,51052.764690,51052.804412
R759:51052.744296,0.112895,51052.804428,51052.917324
R760:51053.000768,0.032736,51053.000797,51053.033534
R761:51053.395767,0.093951,51053.395869,51053.489821
R762:51053.398423,0.101801,51053.489851,51053.591653
R763:51053.683658,0.047874,51053.683687,51053.731561
R764:51053.758610,0.070388,51053.758640,51053.829029
R765:51053.983875,0.062975,51053.983913,51054.046889
R766:51054.099424,0.352992,51054.099463,51054.452456
R767:51054.147826,0.024216,51054.452479,51054.476695
R768:51054.337163,0.289492,51054.476710,51054.766203
R769:51054.381882,0.174809,51054.766233,51054.941043
R770:51054.853141,0.067031,51054.941062,51055.008093
R771:51054.902955,0.005341,51055.008110,51055.013452
R772:51055.149889,0.005006,51055.149916,51055.154922
R773:51055.182768,0.098242,51055.182793,51055.281035
R774:51055.493512,0.099520,51055.493539,51055.593061
R775:51055.572300,0.033287,51055.593088,51055.626377
R776:51055.632291,0.038261,51055.632314,51055.670576
R777:51056.032763,0.130528,51056.032844,51056.163373
R778:51056.404215,0.029361,51056.404255,51056.433617
R779:51056.927161,0.119647,51056.927649,51057.047298
R780:51056.946482,0.093996,51057.047323,51057.141319
R781:51057.184199,0.001181,51057.184227,51057.185409
R782:51057.214277,0.185722,51057.214303,51057.400026
R783:51057.358896,0.168899,51057.400055,51057.568954
R784:51057.401788,0.018350,51057.568976,51057.587327
R785:51057.660795,0.004798,51057.660826,51057.665625
R786:51057.831642,0.053425,51057.831670,51057.885097
R787:51058.009561,0.180211,51058.009589,51058.189802
R788:51058.026926,0.287995,51058.189826,51058.477822
R789:51058.130478,0.182853,51058.477845,51058.660699
R790:51058.233390,0.143915,51058.660723,51058.804639
R791:51058.375710,0.066115,51058.804660,51058.870777
R792:51058.397511,0.001492,51058.870795,51058.872288
R793:51058.411567,0.003812,51058.872302,51058.876115
R794:51058.451428,0.038858,51058.876130,51058.914989
R795:51058.503720,0.002944,51058.915007,51058.917952
R796:51058.725165,0.230421,51058.917968,51059.148390
R797:51059.171612,0.071618,51059.171639,51059.243259
R798:51059.178568,0.031138,51059.243278,51059.274417
R799:51059.405716,0.076067,51059.405744,51059.481812
R800:51059.471659,0.343791,51059.481836,51059.825627
R801:51059.566894,0.009576,51059.825651,51059.835227
R802:51059.711295,0.113430,51059.835242,51059.948673
R803:51059.791462,0.186099,51059.948689,51060.134789
R804:51060.226250,0.048941,51060.226282,51060.275224
R805:51060.388509,0.021869,51060.388536,51060.410406
R806:51060.580442,0.164156,51060.580736,51060.744893
R807:51060.607523,0.026224,51060.744925,51060.771150
R808:51060.797534,0.223320,51060.797562,51061.020883
R809:51061.084402,0.009472,51061.084431,51061.093903
R810:51061.136437,0.000324,51061.136460,51061.136785
R811:51061.176756,0.015798,51061.176779,51061.192578
R812:51061.197959,0.017451,51061.197979,51061.215431
R813:51061.587492,0.104256,51061.587593,51061.691851
R814:51061.766104,0.414785,51061.766128,51062.180914
R815:51061.859138,0.198717,51062.180940,51062.379659
R816:51061.892257,0.142541,51062.379686,51062.522228
R817:51062.398607,0.040621,51062.522258,51062.562880
R818:51062.912659,0.212525,51062.912733,51063.125258
R819:51063.008706,0.006204,51063.125286,51063.131490
R820:51063.041460,0.198157,51063.131505,51063.329662
R821:51063.093383,0.054041,51063.329687,51063.383729
R822:51063.142817,0.276072,51063.383746,51063.659818
R823:51063.326839,0.067256,51063.659847,51063.727103
R824:51063.500960,0.247992,51063.727119,51063.975112
R825:51063.795882,0.004538,51063.975134,51063.979673
R826:51063.940489,0.120179,51063.979689,51064.099868
R827:51064.360385,0.173090,51064.360684,51064.533775
R828:51064.395632,0.188403,51064.533800,51064.722204
R829:51064.722714,0.033853,51064.722740,51064.756594
R830:51064.828654,0.105103,51064.828680,51064.933784
R831:51065.126193,0.153384,51065.126224,51065.279609
R832:51065.153317,0.011018,51065.279638,51065.290657
R833:51065.241273,0.188357,51065.290673,51065.479030
R834:51065.262239,0.035160,51065.479054,51065.514214
R835:51065.961401,0.029107,51065.961437,51065.990544
R836:51066.359284,0.017995,51066.359328,51066.377325
R837:51066.388089,0.175479,51066.388111,51066.563591
R838:51066.572894,0.038301,51066.572915,51066.611216
R839:51066.590736,0.267386,51066.611238,51066.878625
R840:51066.654209,0.226933,51066.878654,51067.105587
R841:51066.698751,0.016714,51067.105612,51067.122327
R842:51067.316136,0.018138,51067.316165,51067.334304
R843:51067.467198,0.060778,51067.467226,51067.528006
R844:51068.094470,0.059262,51068.094514,51068.153777
R845:51068.096828,0.187165,51068.153801,51068.340966
R846:51068.323046,0.223233,51068.340993,51068.564226
R847:51068.340176,0.070837,51068.564245,51068.635084
R848:51068.506091,0.138051,51068.635104,51068.773156
R849:51069.477234,0.401626,51069.477272,51069.878899
R850:51069.550473,0.030600,51069.878930,51069.909531
R851:51069.558160,0.022763,51069.909548,51069.932312
R852:51069.602714,0.234903,51069.932327,51070.167231
R853:51069.695923,0.075450,51070.167255,51070.242706
R854:51069.701126,0.042662,51070.242724,51070.285387
R855:51069.743132,0.061096,51070.285405,51070.346502
R856:51069.846081,0.057296,51070.346520,51070.403818
R857:51069.892696,0.183176,51070.403835,51070.587012
R858:51070.050115,0.088647,51070.587029,51070.675677
R859:51070.203694,0.095694,51070.675697,51070.771393
R860:51070.262043,0.003867,51070.771423,51070.775291
R861:51070.267998,0.014221,51070.775307,51070.789529
R862:51070.371347,0.009705,51070.789547,51070.799253
R863:51070.816138,0.262701,51070.816165,51071.078867
R864:51070.986487,0.543082,51071.078892,51071.621975
R865:51071.293025,0.217183,51071.622004,51071.839188
R866:51071.693790,0.015572,51071.839207,51071.854779
R867:51071.743822,0.116330,51071.854794,51071.971124
R868:51071.759486,0.012811,51071.971146,51071.983958
R869:51071.767828,0.031672,51071.983973,51072.015646
R870:51071.808675,0.113341,51072.015660,51072.129002
R871:51071.913729,0.124283,51072.129018,51072.253302
R872:51072.131130,0.041511,51072.253320,51072.294832
R873:51072.151362,0.125965,51072.294848,51072.420814
R874:51072.284946,0.187478,51072.420840,51072.608319
R875:51072.722607,0.328707,51072.722639,51073.051347
R876:51072.789919,0.158108,51073.051376,51073.209485
R877:51073.149754,0.168846,51073.209507,51073.378354
R878:51073.166450,0.132918,51073.378376,51073.511296
R879:51073.529470,0.130113,51073.529494,51073.659608
R880:51073.755871,0.105724,51073.755902,51073.861628
R881:51073.974688,0.462176,51073.974718,51074.436895
R882:51074.133281,0.121543,51074.436921,51074.558464
R883:51074.398883,0.186773,51074.558482,51074.745256
R884:51074.587620,0.225389,51074.745287,51074.970677
R885:51074.876861,0.034417,51074.970704,51075.005121
R886:51074.897617,0.186842,51075.005141,51075.191985
R887:51075.039493,0.116249,51075.192006,51075.308256
R888:51075.039948,0.080727,51075.308276,51075.389003
R889:51075.074131,0.011990,51075.389024,51075.401014
R890:51075.160274,0.133076,51075.401033,51075.534110
R891:51075.245577,0.033558,51075.534127,51075.567686
R892:51075.258700,0.018732,51075.567701,51075.586434
R893:51075.384539,0.053906,51075.586448,51075.640355
R894:51075.402168,0.185265,51075.640374,51075.825640
R895:51075.796483,0.101350,51075.825662,51075.927013
R896:51075.822518,0.142001,51075.927034,51076.069037
R897:51075.936652,0.034610,51076.069057,51076.103668
R898:51076.101129,0.036374,51076.103685,51076.140060
R899:51076.204373,0.033598,51076.204399,51076.237999
R900:51076.229155,0.029447,51076.238019,51076.267467
R901:51076.266346,0.148287,51076.267483,51076.415771
R902:51076.409582,0.086554,51076.415798,51076.502353
R903:51076.427294,0.033698,51076.502371,51076.536070
R904:51076.530102,0.199400,51076.536086,51076.735487
R905:51076.553922,0.076279,51076.735511,51076.811791
R906:51076.638814,0.064376,51076.811809,51076.876186
R907:51076.791368,0.013874,51076.876205,51076.890080
R908:51077.076011,0.251321,51077.076043,51077.327365
R909:51077.248878,0.080214,51077.327391,51077.407606
R910:51077.380598,0.117354,51077.407624,51077.524979
R911:51077.619985,0.029832,51077.620010,51077.649844
R912:51077.654852,0.169231,51077.654872,51077.824104
R913:51077.754211,0.241605,51077.824125,51078.065730
R914:51077.887495,0.116660,51078.065751,51078.182412
R915:51077.908976,0.038680,51078.182428,51078.221109
R916:51077.945369,0.148124,51078.221125,51078.369249
R917:51078.424756,0.004538,51078.424783,51078.429322
R918:51078.441185,0.080765,51078.441205,51078.521971
R919:51078.513463,0.066343,51078.521988,51078.588332
R920:51078.580333,0.130748,51078.588348,51078.719097
R921:51078.670547,0.001768,51078.719115,51078.720883
R922:51078.673685,0.181567,51078.720897,51078.902465
R923:51078.711764,0.189507,51078.902488,51079.091996
R924:51078.738289,0.118192,51079.092025,51079.210218
R925:51078.973583,0.073072,51079.210238,51079.283310
R926:51079.059109,0.089163,51079.283328,51079.372492
R927:51079.139890,0.179013,51079.372514,51079.551528
R928:51079.389535,0.039581,51079.551547,51079.591129
R929:51079.476343,0.074813,51079.591147,51079.665961
R930:51079.703316,0.281139,51079.703341,51079.984481
R931:51079.705928,0.319653,51079.984506,51080.304160
R932:51080.019398,0.283550,51080.304185,51080.587736
R933:51080.227187,0.006650,51080.587758,51080.594410
R934:51080.227782,0.040631,51080.594426,51080.635057
R935:51080.341796,0.244594,51080.635077,51080.879672
R936:51080.474624,0.083891,51080.879692,51080.963584
R937:51080.485558,0.031140,51080.963614,51080.994754
R938:51080.930878,0.008114,51080.994773,51081.002888
R939:51081.017454,0.017597,51081.017477,51081.035074
R940:51081.038261,0.073105,51081.038282,51081.111388
R941:51081.284129,0.016876,51081.284156,51081.301033
R942:51081.473945,0.060910,51081.473975,51081.534887
R943:51081.493127,0.072263,51081.534915,51081.607179
R944:51082.235226,0.131728,51082.235270,51082.367000
R945:51082.489918,0.160184,51082.489947,51082.650132
R946:51082.496963,0.219642,51082.650162,51082.869805
R947:51082.682777,0.048538,51082.869827,51082.918366
R948:51082.918974,0.143141,51082.918996,51083.062138
R949:51083.214427,0.039381,51083.214458,51083.253840
R950:51083.313750,0.628818,51083.313773,51083.942592
R951:51083.330389,0.017235,51083.942631,51083.959867
R952:51083.375896,0.018603,51083.959886,51083.978489
R953:51083.515019,0.354210,51083.978506,51084.332716
R954:51083.607552,0.078343,51084.332748,51084.411093
R955:51083.655016,0.001911,51084.411115,51084.413027
R956:51083.678707,0.167232,51084.413043,51084.580276
R957:51083.689347,0.018677,51084.580295,51084.598973
R958:51083.721267,0.017742,51084.598990,51084.616733
R959:51083.773363,0.005275,51084.616747,51084.622023
R960:51083.965853,0.129524,51084.622038,51084.751563
R961:51084.341049,0.083639,51084.751585,51084.835224
R962:51084.657097,0.093503,51084.835247,51084.928751
R963:51084.816193,0.058893,51084.928779,51084.987672
R964:51085.319779,0.051107,51085.319818,51085.370926
R965:51085.396398,0.062246,51085.396423,51085.458670
R966:51085.641795,0.000952,51085.641824,51085.642776
R967:51085.726477,0.333116,51085.726573,51086.059690
R968:51085.888502,0.004876,51086.059719,51086.064595
R969:51085.921435,0.055670,51086.064611,51086.120282
R970:51086.377772,0.007010,51086.378117,51086.385128
R971:51086.526702,0.105703,51086.526741,51086.632445
R972:51086.625105,0.096774,51086.632474,51086.729249
R973:51086.978340,0.016045,51086.978380,51086.994426
R974:51087.266850,0.070882,51087.266877,51087.337760
R975:51087.521230,0.113116,51087.521259,51087.634376
R976:51087.558359,0.005074,51087.634403,51087.639477
R977:51087.602790,0.188989,51087.639495,51087.828485
R978:51087.649437,0.021733,51087.828507,51087.850241
R979:51087.827742,0.002568,51087.850256,51087.852825
R980:51087.885780,0.006677,51087.885804,51087.892482
R981:51088.036641,0.507901,51088.036670,51088.544572
R982:51088.148473,0.011701,51088.544599,51088.556301
R983:51088.161315,0.029206,51088.556317,51088.585524
R984:51088.689765,0.223790,51088.689794,51088.913585
R985:51088.718450,0.138138,51088.913609,51089.051748
R986:51088.908463,0.013469,51089.051768,51089.065238
R987:51089.449247,0.183821,51089.449285,51089.633107
R988:51089.534767,0.025381,51089.633137,51089.658519
R989:51089.763236,0.075227,51089.763261,51089.838489
R990:51090.516947,0.020918,51090.517299,51090.538218
R991:51090.736393,0.337794,51090.736430,51091.074225
R992:51090.774867,0.059805,51091.074253,51091.134058
R993:51090.820232,0.225498,51091.134075,51091.359574
R994:51091.101294,0.011517,51091.359594,51091.371112
R995:51091.274138,0.027567,51091.371126,51091.398693
R996:51091.696113,0.052630,51091.696193,51091.748825
R997:51091.727868,0.028426,51091.748854,51091.777281
R998:51091.772466,0.021410,51091.777298,51091.798709
R999:51091.894684,0.113213,51091.894709,51092.007924
