R[0],17176.515594s,0.041792s,17176.515662s,17176.515663s
R[1],17176.699061s,0.133472s,17176.699129s,17176.699130s
R[2],17176.851957s,0.018341s,17176.852091s,17176.852092s
R[3],17177.094685s,0.121834s,17177.094791s,17177.121851s
R[4],17177.135571s,0.067281s,17177.135646s,17177.135647s
R[5],17177.168140s,0.082600s,17177.168230s,17177.168231s
R[6],17177.233073s,0.060026s,17177.233187s,17177.233188s
R[7],17177.278513s,0.206605s,17177.278615s,17177.278616s
R[8],17177.582700s,0.105280s,17177.582878s,17177.582879s
R[9],17177.683805s,0.077822s,17177.683915s,17177.683916s
R[10],17177.699141s,0.023187s,17177.699246s,17177.699247s
R[11],17177.700833s,0.135879s,17177.700911s,17177.700912s
R[12],17177.715623s,0.042700s,17177.715724s,17177.715725s
R[13],17177.732708s,0.009600s,17177.732810s,17177.732811s
R[14],17177.746657s,0.020519s,17177.746784s,17177.746785s
R[15],17178.430215s,0.152254s,17178.430337s,17178.430338s
R[16],17178.502217s,0.029252s,17178.502451s,17178.502452s
R[17],17178.597230s,0.061912s,17178.597346s,17178.597347s
R[18],17178.698778s,0.300302s,17178.698900s,17178.698901s
R[19],17178.766875s,0.122966s,17178.766990s,17178.766991s
R[20],17178.801541s,0.122442s,17178.801698s,17178.801700s
R[21],17178.876429s,0.185106s,17178.876557s,17178.876558s
R[22],17178.927636s,0.036214s,17178.927756s,17178.927756s
R[23],17178.961009s,0.209469s,17178.961115s,17178.961116s
R[24],17179.125951s,0.248530s,17179.126093s,17179.248548s
R[25],17179.133255s,0.007499s,17179.248585s,17179.248586s
R[26],17179.207921s,0.090695s,17179.248594s,17179.248594s
R[27],17179.229302s,0.035757s,17179.248608s,17179.248609s
R[28],17179.450278s,0.001686s,17179.450391s,17179.450392s
R[29],17179.456967s,0.005431s,17179.457041s,17179.457042s
R[30],17179.518191s,0.293994s,17179.518263s,17179.518263s
R[31],17179.545463s,0.158606s,17179.545549s,17179.545549s
R[32],17179.777992s,0.064667s,17179.778106s,17179.778107s
R[33],17179.809069s,0.119013s,17179.809212s,17179.809213s
R[34],17179.856176s,0.091816s,17179.856292s,17179.856293s
R[35],17179.928096s,0.003339s,17179.928236s,17179.928237s
R[36],17180.004022s,0.223819s,17180.004139s,17180.223837s
R[37],17180.061645s,0.106364s,17180.223897s,17180.223898s
R[38],17180.328762s,0.111788s,17180.328834s,17180.328835s
R[39],17180.362269s,0.036419s,17180.362329s,17180.362330s
R[40],17180.464487s,0.015124s,17180.464668s,17180.464669s
R[41],17180.581026s,0.176741s,17180.581114s,17180.581115s
R[42],17180.639089s,0.033415s,17180.639192s,17180.639193s
R[43],17180.815872s,0.186534s,17180.815959s,17180.815960s
R[44],17180.841935s,0.096708s,17180.842021s,17180.842021s
R[45],17180.885103s,0.074024s,17180.885216s,17180.885217s
R[46],17181.198587s,0.163059s,17181.198706s,17181.198707s
R[47],17181.305748s,0.214719s,17181.305887s,17181.305889s
R[48],17181.363730s,0.140512s,17181.363892s,17181.363893s
R[49],17181.414640s,0.201567s,17181.414760s,17181.414761s
R[50],17181.529977s,0.020260s,17181.530086s,17181.530087s
R[51],17181.595909s,0.210611s,17181.596012s,17181.596013s
R[52],17181.896039s,0.177430s,17181.896113s,17181.896114s
R[53],17181.912136s,0.047129s,17181.912286s,17181.912287s
R[54],17182.014756s,0.027498s,17182.014871s,17182.027516s
R[55],17182.111472s,0.030616s,17182.111547s,17182.111548s
R[56],17182.265712s,0.021360s,17182.265880s,17182.265881s
R[57],17182.325074s,0.026941s,17182.325206s,17182.325207s
R[58],17182.345910s,0.044893s,17182.346014s,17182.346015s
R[59],17182.427257s,0.197754s,17182.427418s,17182.427419s
R[60],17182.445932s,0.011230s,17182.446038s,17182.446039s
R[61],17182.456858s,0.119092s,17182.456937s,17182.456938s
R[62],17182.525297s,0.227786s,17182.525409s,17182.525409s
R[63],17182.943686s,0.040266s,17182.943829s,17182.943831s
R[64],17183.059140s,0.038326s,17183.059323s,17183.059325s
R[65],17183.197782s,0.022026s,17183.197902s,17183.197903s
R[66],17183.232679s,0.023355s,17183.232777s,17183.232777s
R[67],17183.320542s,0.109777s,17183.320626s,17183.320626s
R[68],17183.337106s,0.131443s,17183.337151s,17183.337151s
R[69],17183.350542s,0.113898s,17183.350619s,17183.350619s
R[70],17183.368492s,0.249818s,17183.368568s,17183.368569s
R[71],17183.376265s,0.061436s,17183.376345s,17183.376346s
R[72],17183.381688s,0.022877s,17183.381763s,17183.381764s
R[73],17183.401672s,0.109934s,17183.401821s,17183.401821s
R[74],17183.561604s,0.285300s,17183.561718s,17183.561719s
R[75],17183.668542s,0.118834s,17183.668678s,17183.668679s
R[76],17183.770653s,0.012076s,17183.770788s,17183.770789s
R[77],17183.780540s,0.006788s,17183.780687s,17183.780688s
R[78],17183.854063s,0.019082s,17183.854242s,17183.854244s
R[79],17183.861404s,0.142751s,17183.861543s,17183.861544s
R[80],17183.923356s,0.117406s,17183.923568s,17183.923569s
R[81],17184.008653s,0.014312s,17184.008710s,17184.014330s
R[82],17184.014028s,0.019047s,17184.014363s,17184.019065s
R[83],17185.209512s,0.011172s,17185.209672s,17185.209673s
R[84],17185.430290s,0.004631s,17185.430389s,17185.430390s
R[85],17186.042228s,0.006256s,17186.042348s,17186.042349s
R[86],17186.246735s,0.213737s,17186.246835s,17186.246835s
R[87],17186.247198s,0.016575s,17186.247271s,17186.247272s
R[88],17186.337340s,0.041423s,17186.337443s,17186.337444s
R[89],17186.355200s,0.142759s,17186.355284s,17186.355285s
R[90],17186.599458s,0.067004s,17186.599637s,17186.599638s
R[91],17186.644056s,0.050211s,17186.644293s,17186.644295s
R[92],17186.730833s,0.008747s,17186.730964s,17186.730966s
R[93],17186.847186s,0.117992s,17186.847349s,17186.847351s
R[94],17186.922953s,0.404774s,17186.923075s,17186.923076s
R[95],17186.959310s,0.175048s,17186.959452s,17186.959453s
R[96],17187.045423s,0.082609s,17187.045550s,17187.082627s
R[97],17187.183255s,0.114795s,17187.183418s,17187.183419s
R[98],17187.186944s,0.216275s,17187.187084s,17187.216293s
R[99],17187.366127s,0.148173s,17187.366237s,17187.366238s
R[100],17187.572759s,0.113487s,17187.572870s,17187.572871s
R[101],17187.961232s,0.342518s,17187.961356s,17187.961357s
R[102],17188.194990s,0.057307s,17188.195104s,17188.195105s
R[103],17188.304981s,0.147669s,17188.305089s,17188.305090s
R[104],17188.322940s,0.006677s,17188.323015s,17188.323016s
R[105],17188.542748s,0.023756s,17188.542860s,17188.542861s
R[106],17188.647706s,0.021687s,17188.647825s,17188.647826s
R[107],17188.747055s,0.031755s,17188.747165s,17188.747166s
R[108],17188.867720s,0.021935s,17188.867876s,17188.867877s
R[109],17188.907671s,0.083549s,17188.907844s,17188.907846s
R[110],17188.915463s,0.087755s,17188.915613s,17188.915614s
R[111],17188.940859s,0.296387s,17188.941042s,17188.941043s
R[112],17189.012437s,0.065824s,17189.012552s,17189.065843s
R[113],17189.045354s,0.010019s,17189.065912s,17189.065913s
R[114],17189.172404s,0.074818s,17189.172558s,17189.172559s
R[115],17189.236262s,0.049959s,17189.236429s,17189.236431s
R[116],17189.525170s,0.156817s,17189.525319s,17189.525320s
R[117],17189.566253s,0.000270s,17189.566404s,17189.566406s
R[118],17189.623339s,0.076042s,17189.623466s,17189.623467s
R[119],17189.665702s,0.022203s,17189.665799s,17189.665800s
R[120],17189.844872s,0.054968s,17189.845045s,17189.845046s
R[121],17189.957504s,0.030315s,17189.957656s,17189.957657s
R[122],17190.023347s,0.016798s,17190.023452s,17190.023453s
R[123],17190.147908s,0.003477s,17190.148009s,17190.148010s
R[124],17190.245195s,0.099223s,17190.245267s,17190.245268s
R[125],17190.298688s,0.084593s,17190.298789s,17190.298790s
R[126],17190.410804s,0.017009s,17190.410892s,17190.410893s
R[127],17190.453478s,0.082217s,17190.453573s,17190.453574s
R[128],17190.547458s,0.033171s,17190.547570s,17190.547571s
R[129],17190.678722s,0.018826s,17190.678835s,17190.678836s
R[130],17190.813661s,0.096201s,17190.813830s,17190.813832s
R[131],17191.067480s,0.024785s,17191.067683s,17191.067685s
R[132],17191.173477s,0.007644s,17191.173634s,17191.173635s
R[133],17191.249580s,0.174891s,17191.249695s,17191.249695s
R[134],17191.279809s,0.008202s,17191.279885s,17191.279885s
R[135],17191.395716s,0.037399s,17191.395822s,17191.395823s
R[136],17191.407560s,0.074955s,17191.407635s,17191.407635s
R[137],17191.493558s,0.028398s,17191.493704s,17191.493705s
R[138],17191.603469s,0.028351s,17191.603578s,17191.603579s
R[139],17191.753034s,0.017534s,17191.753160s,17191.753161s
R[140],17191.793091s,0.000299s,17191.793185s,17191.793185s
R[141],17192.208945s,0.033557s,17192.209109s,17192.209110s
R[142],17192.384721s,0.047799s,17192.384888s,17192.384890s
R[143],17192.405664s,0.209371s,17192.405835s,17192.405836s
R[144],17192.724274s,0.100075s,17192.724444s,17192.724445s
R[145],17192.869133s,0.096473s,17192.869210s,17192.869211s
R[146],17192.882103s,0.124036s,17192.882185s,17192.882185s
R[147],17192.930560s,0.206683s,17192.930658s,17192.930659s
R[148],17193.217202s,0.018966s,17193.217390s,17193.217391s
R[149],17193.415282s,0.066181s,17193.415384s,17193.415385s
R[150],17193.573157s,0.196097s,17193.573275s,17193.573276s
R[151],17193.608497s,0.172609s,17193.608576s,17193.608577s
R[152],17193.848935s,0.071541s,17193.849105s,17193.849107s
R[153],17193.917975s,0.026674s,17193.918109s,17193.918110s
R[154],17193.935822s,0.056505s,17193.935974s,17193.935976s
R[155],17194.135849s,0.157508s,17194.136042s,17194.157526s
R[156],17194.198253s,0.028665s,17194.198479s,17194.198481s
R[157],17194.266862s,0.096048s,17194.267033s,17194.267035s
R[158],17194.286846s,0.012477s,17194.286956s,17194.286958s
R[159],17194.416925s,0.056509s,17194.417016s,17194.417016s
R[160],17194.509377s,0.107356s,17194.509500s,17194.509501s
R[161],17194.691545s,0.020915s,17194.691726s,17194.691728s
R[162],17194.711270s,0.010772s,17194.711416s,17194.711417s
R[163],17194.780362s,0.037248s,17194.780512s,17194.780513s
R[164],17194.795312s,0.223892s,17194.795461s,17194.795463s
R[165],17194.834664s,0.081093s,17194.834800s,17194.834801s
R[166],17195.073855s,0.142038s,17195.073971s,17195.142055s
R[167],17195.255216s,0.033994s,17195.255324s,17195.255325s
R[168],17195.323810s,0.089615s,17195.323931s,17195.323932s
R[169],17195.374018s,0.024969s,17195.374178s,17195.374179s
R[170],17195.467982s,0.006276s,17195.468069s,17195.468069s
R[171],17195.484411s,0.086823s,17195.484486s,17195.484487s
R[172],17195.495848s,0.028338s,17195.495922s,17195.495922s
R[173],17195.541072s,0.007964s,17195.541192s,17195.541193s
R[174],17195.581392s,0.227135s,17195.581506s,17195.581507s
R[175],17195.637193s,0.025709s,17195.637343s,17195.637344s
R[176],17195.724872s,0.119546s,17195.724961s,17195.724962s
R[177],17195.832423s,0.014259s,17195.832513s,17195.832514s
R[178],17195.899292s,0.081884s,17195.899396s,17195.899397s
R[179],17196.113933s,0.019416s,17196.114056s,17196.114056s
R[180],17196.186917s,0.046289s,17196.187019s,17196.187020s
R[181],17196.268513s,0.041793s,17196.268630s,17196.268631s
R[182],17196.445738s,0.032879s,17196.445919s,17196.445920s
R[183],17196.473848s,0.084827s,17196.473984s,17196.473985s
R[184],17196.604610s,0.034405s,17196.604736s,17196.604738s
R[185],17197.023620s,0.012189s,17197.023744s,17197.023745s
R[186],17197.251541s,0.000452s,17197.251703s,17197.251705s
R[187],17197.304527s,0.124078s,17197.304678s,17197.304680s
R[188],17197.457510s,0.010149s,17197.457616s,17197.457617s
R[189],17197.492328s,0.106380s,17197.492413s,17197.492414s
R[190],17197.693020s,0.049684s,17197.693190s,17197.693192s
R[191],17197.698150s,0.102558s,17197.698281s,17197.698282s
R[192],17198.128474s,0.053521s,17198.128589s,17198.128590s
R[193],17198.152220s,0.008219s,17198.152331s,17198.152332s
R[194],17198.352669s,0.040226s,17198.352821s,17198.352823s
R[195],17198.363232s,0.089198s,17198.363313s,17198.363314s
R[196],17198.399186s,0.011768s,17198.399289s,17198.399290s
R[197],17198.564838s,0.004575s,17198.565016s,17198.565017s
R[198],17198.570225s,0.126507s,17198.570360s,17198.570361s
R[199],17198.631476s,0.048700s,17198.631614s,17198.631616s
R[200],17198.749336s,0.074226s,17198.749453s,17198.749454s
R[201],17198.762070s,0.062901s,17198.762150s,17198.762150s
R[202],17198.848523s,0.037441s,17198.848611s,17198.848612s
R[203],17198.938957s,0.182978s,17198.939066s,17198.939067s
R[204],17198.975294s,0.015509s,17198.975403s,17198.975404s
R[205],17199.040078s,0.062168s,17199.040183s,17199.062186s
R[206],17199.134227s,0.075569s,17199.134431s,17199.134433s
R[207],17199.230812s,0.147569s,17199.230966s,17199.230967s
R[208],17199.257504s,0.008672s,17199.257680s,17199.257681s
R[209],17199.264844s,0.015492s,17199.264995s,17199.264996s
R[210],17199.524692s,0.021294s,17199.524868s,17199.524870s
R[211],17199.590547s,0.028638s,17199.590638s,17199.590639s
R[212],17199.765901s,0.175501s,17199.766060s,17199.766061s
R[213],17199.810191s,0.140575s,17199.810349s,17199.810350s
R[214],17199.852469s,0.003084s,17199.852606s,17199.852607s
R[215],17199.960166s,0.125520s,17199.960350s,17199.960352s
R[216],17199.990022s,0.150710s,17199.990163s,17199.990164s
R[217],17200.088436s,0.020813s,17200.088560s,17200.088561s
R[218],17200.125341s,0.078991s,17200.125507s,17200.125509s
R[219],17200.147490s,0.093560s,17200.147650s,17200.147652s
R[220],17200.159191s,0.105920s,17200.159331s,17200.159333s
R[221],17200.311696s,0.042734s,17200.311790s,17200.311791s
R[222],17200.334096s,0.047431s,17200.334193s,17200.334194s
R[223],17200.372068s,0.040613s,17200.372135s,17200.372136s
R[224],17200.398383s,0.014008s,17200.398471s,17200.398472s
R[225],17200.474534s,0.001224s,17200.474691s,17200.474693s
R[226],17200.555681s,0.040128s,17200.555856s,17200.555858s
R[227],17200.603610s,0.111429s,17200.603723s,17200.603724s
R[228],17200.640097s,0.087404s,17200.640188s,17200.640189s
R[229],17200.670300s,0.210052s,17200.670389s,17200.670390s
R[230],17200.750697s,0.138300s,17200.750814s,17200.750815s
R[231],17200.866594s,0.031158s,17200.866770s,17200.866772s
R[232],17200.986371s,0.000502s,17200.986515s,17200.986516s
R[233],17201.090264s,0.154777s,17201.090382s,17201.154795s
R[234],17201.166464s,0.085763s,17201.166644s,17201.166646s
R[235],17201.262899s,0.042667s,17201.263063s,17201.263064s
R[236],17201.336057s,0.105744s,17201.336175s,17201.336176s
R[237],17201.381077s,0.094385s,17201.381176s,17201.381177s
R[238],17201.543026s,0.002787s,17201.543196s,17201.543198s
R[239],17201.559713s,0.096456s,17201.559875s,17201.559877s
R[240],17201.566369s,0.080404s,17201.566495s,17201.566496s
R[241],17201.587206s,0.069912s,17201.587342s,17201.587343s
R[242],17201.707766s,0.000477s,17201.707880s,17201.707881s
R[243],17201.707934s,0.025269s,17201.708053s,17201.708054s
R[244],17201.744381s,0.162400s,17201.744497s,17201.744498s
R[245],17201.850965s,0.034797s,17201.851056s,17201.851057s
R[246],17201.870990s,0.176004s,17201.871064s,17201.871064s
R[247],17201.981083s,0.031313s,17201.981188s,17201.981189s
R[248],17202.087071s,0.017177s,17202.087162s,17202.087163s
R[249],17202.303411s,0.058341s,17202.303518s,17202.303519s
R[250],17202.320559s,0.093829s,17202.320636s,17202.320637s
R[251],17202.497175s,0.017675s,17202.497305s,17202.497306s
R[252],17202.731765s,0.102034s,17202.731867s,17202.731868s
R[253],17202.781989s,0.066062s,17202.782068s,17202.782068s
R[254],17202.985222s,0.224617s,17202.985348s,17202.985349s
R[255],17203.119596s,0.217625s,17203.119691s,17203.217643s
R[256],17203.146181s,0.225779s,17203.217697s,17203.225797s
R[257],17203.226360s,0.067019s,17203.226452s,17203.226453s
R[258],17203.294607s,0.133972s,17203.294725s,17203.294726s
R[259],17203.574566s,0.075219s,17203.574649s,17203.574650s
R[260],17203.742914s,0.446682s,17203.743019s,17203.743020s
R[261],17203.850040s,0.032697s,17203.850178s,17203.850180s
R[262],17204.124769s,0.074129s,17204.124933s,17204.124934s
R[263],17204.332253s,0.118692s,17204.332372s,17204.332373s
R[264],17204.433863s,0.132026s,17204.433954s,17204.433954s
R[265],17204.583264s,0.077275s,17204.583407s,17204.583408s
R[266],17204.613867s,0.015222s,17204.614028s,17204.614030s
R[267],17204.677547s,0.166926s,17204.677708s,17204.677709s
R[268],17204.836351s,0.090990s,17204.836524s,17204.836526s
R[269],17205.042822s,0.078892s,17205.042951s,17205.078910s
R[270],17205.096076s,0.086444s,17205.096164s,17205.096165s
R[271],17205.186973s,0.013381s,17205.187088s,17205.187088s
R[272],17205.264368s,0.002793s,17205.264487s,17205.264488s
R[273],17205.350943s,0.060844s,17205.351056s,17205.351057s
R[274],17205.471698s,0.060309s,17205.471798s,17205.471813s
R[275],17205.650495s,0.056081s,17205.650609s,17205.650610s
R[276],17205.662506s,0.004143s,17205.662596s,17205.662596s
R[277],17205.733951s,0.040465s,17205.734048s,17205.734049s
R[278],17205.902384s,0.050142s,17205.902506s,17205.902507s
R[279],17206.003966s,0.044405s,17206.004079s,17206.044423s
R[280],17206.019567s,0.043514s,17206.044472s,17206.044472s
R[281],17206.047948s,0.105368s,17206.048051s,17206.105386s
R[282],17206.049755s,0.139697s,17206.105411s,17206.139715s
R[283],17206.135027s,0.049328s,17206.139736s,17206.139737s
R[284],17206.222434s,0.444320s,17206.222555s,17206.444339s
R[285],17206.287371s,0.006430s,17206.444369s,17206.444370s
R[286],17206.293457s,0.075793s,17206.444378s,17206.444379s
R[287],17206.395844s,0.020682s,17206.444386s,17206.444386s
R[288],17206.421039s,0.214219s,17206.444393s,17206.444394s
R[289],17206.520537s,0.051790s,17206.520638s,17206.520639s
R[290],17206.654505s,0.158420s,17206.654611s,17206.654612s
R[291],17206.712285s,0.247849s,17206.712382s,17206.712383s
R[292],17207.017382s,0.121398s,17207.017573s,17207.121417s
R[293],17207.246846s,0.064123s,17207.246958s,17207.246960s
R[294],17207.287524s,0.054102s,17207.287710s,17207.287711s
R[295],17207.312369s,0.052306s,17207.312548s,17207.312550s
R[296],17207.611704s,0.284973s,17207.611809s,17207.611810s
R[297],17207.827454s,0.051047s,17207.827575s,17207.827576s
R[298],17207.847817s,0.121196s,17207.847909s,17207.847910s
R[299],17207.999366s,0.024821s,17207.999508s,17207.999509s
R[300],17208.234605s,0.275881s,17208.234731s,17208.275899s
R[301],17208.378063s,0.042900s,17208.378178s,17208.378179s
R[302],17208.418440s,0.067370s,17208.418544s,17208.418545s
R[303],17208.500766s,0.017666s,17208.500863s,17208.500864s
R[304],17208.598141s,0.037204s,17208.598229s,17208.598229s
R[305],17208.663188s,0.206932s,17208.663319s,17208.663320s
R[306],17208.769356s,0.077732s,17208.769450s,17208.769451s
R[307],17208.793057s,0.009690s,17208.793132s,17208.793133s
R[308],17208.993661s,0.018491s,17208.993827s,17208.993828s
R[309],17209.040520s,0.074849s,17209.040661s,17209.074866s
R[310],17209.144571s,0.075599s,17209.144655s,17209.144655s
R[311],17209.257482s,0.068580s,17209.257651s,17209.257653s
R[312],17209.263634s,0.023158s,17209.263770s,17209.263771s
R[313],17209.346628s,0.035113s,17209.346811s,17209.346813s
R[314],17209.348639s,0.214415s,17209.348773s,17209.348774s
R[315],17209.349609s,0.122722s,17209.349734s,17209.349735s
R[316],17209.441653s,0.225595s,17209.441779s,17209.441780s
R[317],17209.659924s,0.049514s,17209.660105s,17209.660106s
R[318],17209.679025s,0.132156s,17209.679169s,17209.679170s
R[319],17209.745983s,0.281006s,17209.746083s,17209.746084s
R[320],17209.847926s,0.028881s,17209.848039s,17209.848040s
R[321],17209.864857s,0.037979s,17209.864971s,17209.864972s
R[322],17210.078793s,0.114741s,17210.078887s,17210.114759s
R[323],17210.308551s,0.026568s,17210.308720s,17210.308722s
R[324],17210.373229s,0.010873s,17210.373344s,17210.373345s
R[325],17210.666362s,0.081336s,17210.666474s,17210.666475s
R[326],17210.867179s,0.215346s,17210.867289s,17210.867290s
R[327],17210.994061s,0.027640s,17210.994179s,17210.994180s
R[328],17211.014462s,0.018906s,17211.014540s,17211.018923s
R[329],17211.032785s,0.016156s,17211.032864s,17211.032865s
R[330],17211.131205s,0.021516s,17211.131361s,17211.131362s
R[331],17211.144821s,0.001164s,17211.144954s,17211.144956s
R[332],17211.438493s,0.010652s,17211.438672s,17211.438674s
R[333],17211.456118s,0.087139s,17211.456253s,17211.456254s
R[334],17211.518144s,0.008859s,17211.518299s,17211.518301s
R[335],17211.764998s,0.006097s,17211.765166s,17211.765168s
R[336],17211.860346s,0.057170s,17211.860494s,17211.860495s
R[337],17211.910462s,0.028915s,17211.910611s,17211.910613s
R[338],17211.967914s,0.202906s,17211.968087s,17211.968088s
R[339],17211.995980s,0.017633s,17211.996105s,17211.996106s
R[340],17212.079543s,0.047113s,17212.079651s,17212.079652s
R[341],17212.083123s,0.116660s,17212.083210s,17212.116677s
R[342],17212.251312s,0.516639s,17212.251433s,17212.516658s
R[343],17212.295442s,0.061782s,17212.516766s,17212.516767s
R[344],17212.299087s,0.090341s,17212.516789s,17212.516790s
R[345],17212.321532s,0.033077s,17212.516808s,17212.516809s
R[346],17212.441881s,0.086706s,17212.516823s,17212.516824s
R[347],17212.662076s,0.004289s,17212.662193s,17212.662194s
R[348],17212.703918s,0.135519s,17212.704009s,17212.704010s
R[349],17212.849507s,0.095455s,17212.849663s,17212.849665s
R[350],17212.969574s,0.031278s,17212.969655s,17212.969656s
R[351],17213.204175s,0.029477s,17213.204279s,17213.204280s
R[352],17213.343858s,0.017464s,17213.343995s,17213.343996s
R[353],17213.509677s,0.004577s,17213.509800s,17213.509801s
R[354],17213.599172s,0.014260s,17213.599357s,17213.599359s
R[355],17213.609967s,0.012198s,17213.610099s,17213.610100s
R[356],17213.638021s,0.004984s,17213.638213s,17213.638214s
R[357],17213.727044s,0.242465s,17213.727213s,17213.727214s
R[358],17213.947464s,0.216100s,17213.947569s,17213.947570s
R[359],17213.953282s,0.024751s,17213.953369s,17213.953369s
R[360],17214.016629s,0.015411s,17214.016740s,17214.016741s
R[361],17214.105115s,0.053912s,17214.105272s,17214.105274s
R[362],17214.193054s,0.217050s,17214.193210s,17214.217068s
R[363],17214.362181s,0.072739s,17214.362338s,17214.362340s
R[364],17214.437034s,0.021266s,17214.437175s,17214.437177s
R[365],17214.567842s,0.083666s,17214.568000s,17214.568001s
R[366],17214.598582s,0.001399s,17214.598665s,17214.598666s
R[367],17214.675884s,0.035585s,17214.676023s,17214.676024s
R[368],17214.944084s,0.061622s,17214.944206s,17214.944207s
R[369],17214.967180s,0.030581s,17214.967312s,17214.967313s
R[370],17215.018490s,0.086335s,17215.018662s,17215.086353s
R[371],17215.132493s,0.026114s,17215.132598s,17215.132599s
R[372],17215.191131s,0.033734s,17215.191242s,17215.191243s
R[373],17215.312658s,0.118652s,17215.312765s,17215.312766s
R[374],17215.336859s,0.095889s,17215.336937s,17215.336937s
R[375],17215.366741s,0.155427s,17215.366829s,17215.366830s
R[376],17215.368408s,0.076517s,17215.368485s,17215.368486s
R[377],17215.559774s,0.091875s,17215.559895s,17215.559896s
R[378],17215.598617s,0.156990s,17215.598689s,17215.598690s
R[379],17215.673477s,0.024668s,17215.673570s,17215.673570s
R[380],17215.702318s,0.060194s,17215.702434s,17215.702434s
R[381],17215.709971s,0.078769s,17215.710058s,17215.710059s
R[382],17215.930571s,0.143518s,17215.930737s,17215.930738s
R[383],17216.006386s,0.111220s,17216.006552s,17216.111548s
R[384],17216.325780s,0.037183s,17216.325887s,17216.325887s
R[385],17216.367987s,0.002013s,17216.368068s,17216.368068s
R[386],17216.372507s,0.055665s,17216.372579s,17216.372580s
R[387],17216.373042s,0.102658s,17216.373120s,17216.373121s
R[388],17216.407721s,0.059006s,17216.407804s,17216.407805s
R[389],17216.579318s,0.006791s,17216.579428s,17216.579428s
R[390],17216.642391s,0.055081s,17216.642548s,17216.642549s
R[391],17216.663668s,0.003697s,17216.663775s,17216.663776s
R[392],17216.920612s,0.023404s,17216.920771s,17216.920772s
R[393],17216.929513s,0.078733s,17216.929620s,17216.929621s
R[394],17217.053829s,0.271566s,17217.053920s,17217.271584s
R[395],17217.063614s,0.015136s,17217.271617s,17217.271618s
R[396],17217.265719s,0.117988s,17217.271627s,17217.271627s
R[397],17217.330377s,0.000584s,17217.330469s,17217.330469s
R[398],17217.480714s,0.111130s,17217.480818s,17217.480818s
R[399],17217.567195s,0.213201s,17217.567302s,17217.567303s
R[400],17217.703402s,0.129124s,17217.703548s,17217.703549s
R[401],17217.713610s,0.008917s,17217.713694s,17217.713695s
R[402],17218.006334s,0.022795s,17218.006439s,17218.022813s
R[403],17218.038530s,0.008322s,17218.038606s,17218.038607s
R[404],17218.204508s,0.027053s,17218.204664s,17218.204666s
R[405],17218.341923s,0.231335s,17218.342040s,17218.342042s
R[406],17218.361013s,0.008473s,17218.361128s,17218.361129s
R[407],17218.504140s,0.155508s,17218.504267s,17218.504268s
R[408],17218.901115s,0.098263s,17218.901322s,17218.901324s
R[409],17218.943013s,0.047489s,17218.943144s,17218.943145s
R[410],17219.004087s,0.032628s,17219.004277s,17219.032646s
R[411],17219.110333s,0.011603s,17219.110474s,17219.110476s
R[412],17219.202160s,0.039568s,17219.202327s,17219.202329s
R[413],17219.210726s,0.089871s,17219.210856s,17219.210858s
R[414],17219.225513s,0.177164s,17219.225643s,17219.225644s
R[415],17219.237729s,0.019735s,17219.237881s,17219.237882s
R[416],17219.325144s,0.062721s,17219.325284s,17219.325286s
R[417],17219.435577s,0.239051s,17219.435687s,17219.435688s
R[418],17219.473079s,0.010851s,17219.473163s,17219.473163s
R[419],17219.619304s,0.060290s,17219.619417s,17219.619418s
R[420],17219.623254s,0.019809s,17219.623328s,17219.623329s
R[421],17219.674249s,0.014546s,17219.674337s,17219.674337s
R[422],17219.734558s,0.047395s,17219.734659s,17219.734660s
R[423],17219.771456s,0.087434s,17219.771497s,17219.771497s
R[424],17219.772027s,0.051650s,17219.772099s,17219.772099s
R[425],17219.785546s,0.126272s,17219.785629s,17219.785630s
R[426],17219.794374s,0.096180s,17219.794466s,17219.794467s
R[427],17219.948557s,0.168241s,17219.948692s,17219.948693s
R[428],17220.189681s,0.004028s,17220.189782s,17220.189783s
R[429],17220.196202s,0.016247s,17220.196283s,17220.196283s
R[430],17220.271115s,0.009667s,17220.271225s,17220.271226s
R[431],17220.534097s,0.075568s,17220.534261s,17220.534262s
R[432],17220.583299s,0.100425s,17220.583470s,17220.583471s
R[433],17220.685116s,0.043493s,17220.685229s,17220.685229s
R[434],17220.762703s,0.071832s,17220.762802s,17220.762803s
R[435],17220.935591s,0.020890s,17220.935691s,17220.935692s
R[436],17221.190175s,0.039060s,17221.190349s,17221.190351s
R[437],17221.345983s,0.008548s,17221.346095s,17221.346096s
R[438],17221.394146s,0.040826s,17221.394223s,17221.394224s
R[439],17221.559185s,0.226737s,17221.559291s,17221.559292s
R[440],17221.696787s,0.148383s,17221.696904s,17221.696905s
R[441],17221.886080s,0.084035s,17221.886234s,17221.886236s
R[442],17222.011492s,0.081660s,17222.011604s,17222.081678s
R[443],17222.084147s,0.072056s,17222.084238s,17222.084239s
R[444],17222.153990s,0.002493s,17222.154077s,17222.154077s
R[445],17222.265458s,0.076296s,17222.265585s,17222.265586s
R[446],17222.406573s,0.012951s,17222.406697s,17222.406698s
R[447],17222.421608s,0.125202s,17222.421698s,17222.421699s
R[448],17222.443444s,0.110767s,17222.443526s,17222.443527s
R[449],17222.629449s,0.091561s,17222.629571s,17222.629572s
R[450],17222.649851s,0.009298s,17222.649936s,17222.649937s
R[451],17222.687427s,0.008987s,17222.687506s,17222.687506s
R[452],17222.906771s,0.026262s,17222.906877s,17222.906878s
R[453],17222.972178s,0.028276s,17222.972286s,17222.972287s
R[454],17222.994507s,0.244790s,17222.994581s,17222.994582s
R[455],17223.101724s,0.058923s,17223.101817s,17223.101818s
R[456],17223.126857s,0.229529s,17223.126947s,17223.229546s
R[457],17223.277655s,0.029083s,17223.277765s,17223.277765s
R[458],17223.293042s,0.086190s,17223.293115s,17223.293115s
R[459],17223.375406s,0.022089s,17223.375555s,17223.375556s
R[460],17223.582177s,0.082710s,17223.582246s,17223.582247s
R[461],17223.694322s,0.139719s,17223.694487s,17223.694489s
R[462],17223.873122s,0.002405s,17223.873235s,17223.873236s
R[463],17224.021584s,0.080103s,17224.021683s,17224.080121s
R[464],17224.110889s,0.124095s,17224.110997s,17224.124112s
R[465],17224.255232s,0.006655s,17224.255381s,17224.255382s
R[466],17224.288749s,0.015801s,17224.288836s,17224.288837s
R[467],17224.500816s,0.037163s,17224.500926s,17224.500927s
R[468],17224.520590s,0.039663s,17224.520664s,17224.520664s
R[469],17224.579148s,0.008844s,17224.579266s,17224.579267s
R[470],17224.683481s,0.169660s,17224.683627s,17224.683628s
R[471],17224.722970s,0.009167s,17224.723074s,17224.723075s
R[472],17224.816568s,0.115431s,17224.816663s,17224.816664s
R[473],17224.980494s,0.038080s,17224.980632s,17224.980634s
R[474],17225.031446s,0.026476s,17225.031554s,17225.031555s
R[475],17225.081620s,0.005890s,17225.081712s,17225.081713s
R[476],17225.173195s,0.047165s,17225.173293s,17225.173293s
R[477],17225.405069s,0.093622s,17225.405197s,17225.405198s
R[478],17225.618204s,0.053165s,17225.618304s,17225.618305s
R[479],17225.679998s,0.021178s,17225.680137s,17225.680138s
R[480],17225.714661s,0.071644s,17225.714772s,17225.714773s
R[481],17225.742953s,0.011231s,17225.743059s,17225.743060s
R[482],17225.778837s,0.054519s,17225.778958s,17225.778959s
R[483],17225.917313s,0.017816s,17225.917449s,17225.917450s
R[484],17225.983911s,0.011930s,17225.983997s,17225.983998s
R[485],17226.179754s,0.017004s,17226.179879s,17226.179880s
R[486],17226.214521s,0.192528s,17226.214667s,17226.214669s
R[487],17226.214874s,0.137790s,17226.214974s,17226.214975s
R[488],17226.249021s,0.096936s,17226.249197s,17226.249199s
R[489],17226.354240s,0.003813s,17226.354339s,17226.354340s
R[490],17226.373571s,0.124326s,17226.373649s,17226.373649s
R[491],17226.694786s,0.164599s,17226.694934s,17226.694935s
R[492],17226.706855s,0.429100s,17226.706960s,17226.706961s
R[493],17226.730133s,0.091862s,17226.730269s,17226.730270s
R[494],17226.807019s,0.146954s,17226.807132s,17226.807133s
R[495],17226.869787s,0.103706s,17226.869902s,17226.869903s
R[496],17227.092715s,0.017920s,17227.092801s,17227.092802s
R[497],17227.144750s,0.014006s,17227.144913s,17227.144914s
R[498],17227.326920s,0.032612s,17227.327026s,17227.327027s
R[499],17227.438951s,0.063366s,17227.439064s,17227.439064s
